5,9,XnOUVmmg8cmJPNFGRvWfvQQJGkQ=,lmd87m2Jjq3bObqgFnmJPZcQiyE=
6,10,XnOUVmmg8cmJPNFGRvWfvQQJGkQ=,lmd87m2Jjq3bObqgFnmJPZcQiyE=
5,10,XnOUVmmg8cmJPNFGRvWfvQQJGkQ=,lmd87m2Jjq3bObqgFnmJPZcQiyE=
6,9,z8MJOOxf8osKYODwVQlq0yCc/Lc=,lmd87m2Jjq3bObqgFnmJPZcQiyE=
5,7,7AG6uSH8FedEtdfwJ6j/2rOG6dI=,lmd87m2Jjq3bObqgFnmJPZcQiyE=
5,6,T54cjxaDtybJUkxdhki7luICuYA=,lmd87m2Jjq3bObqgFnmJPZcQiyE=
5,8,T54cjxaDtybJUkxdhki7luICuYA=,lmd87m2Jjq3bObqgFnmJPZcQiyE=
5,5,T54cjxaDtybJUkxdhki7luICuYA=,lmd87m2Jjq3bObqgFnmJPZcQiyE=
6,5,T54cjxaDtybJUkxdhki7luICuYA=,lmd87m2Jjq3bObqgFnmJPZcQiyE=
6,7,T54cjxaDtybJUkxdhki7luICuYA=,lmd87m2Jjq3bObqgFnmJPZcQiyE=
6,8,T54cjxaDtybJUkxdhki7luICuYA=,lmd87m2Jjq3bObqgFnmJPZcQiyE=
8,6,T54cjxaDtybJUkxdhki7luICuYA=,lmd87m2Jjq3bObqgFnmJPZcQiyE=
6,6,T54cjxaDtybJUkxdhki7luICuYA=,lmd87m2Jjq3bObqgFnmJPZcQiyE=
7,6,T54cjxaDtybJUkxdhki7luICuYA=,lmd87m2Jjq3bObqgFnmJPZcQiyE=
8,5,nvGEAj7TEsD+YWoQgCv1mwdmNaA=,lmd87m2Jjq3bObqgFnmJPZcQiyE=
9,5,nvGEAj7TEsD+YWoQgCv1mwdmNaA=,lmd87m2Jjq3bObqgFnmJPZcQiyE=
9,6,nvGEAj7TEsD+YWoQgCv1mwdmNaA=,lmd87m2Jjq3bObqgFnmJPZcQiyE=
7,5,nvGEAj7TEsD+YWoQgCv1mwdmNaA=,lmd87m2Jjq3bObqgFnmJPZcQiyE=
10,5,nvGEAj7TEsD+YWoQgCv1mwdmNaA=,lmd87m2Jjq3bObqgFnmJPZcQiyE=
10,6,nvGEAj7TEsD+YWoQgCv1mwdmNaA=,lmd87m2Jjq3bObqgFnmJPZcQiyE=
7,7,nvGEAj7TEsD+YWoQgCv1mwdmNaA=,lmd87m2Jjq3bObqgFnmJPZcQiyE=
7,9,nvGEAj7TEsD+YWoQgCv1mwdmNaA=,lmd87m2Jjq3bObqgFnmJPZcQiyE=
7,8,nvGEAj7TEsD+YWoQgCv1mwdmNaA=,lmd87m2Jjq3bObqgFnmJPZcQiyE=
10,7,KG7RwcHvMxTxoDuuKnGydABlXBI=,lmd87m2Jjq3bObqgFnmJPZcQiyE=
10,8,KG7RwcHvMxTxoDuuKnGydABlXBI=,lmd87m2Jjq3bObqgFnmJPZcQiyE=
9,9,KG7RwcHvMxTxoDuuKnGydABlXBI=,lmd87m2Jjq3bObqgFnmJPZcQiyE=
7,10,KG7RwcHvMxTxoDuuKnGydABlXBI=,lmd87m2Jjq3bObqgFnmJPZcQiyE=
9,7,KG7RwcHvMxTxoDuuKnGydABlXBI=,lmd87m2Jjq3bObqgFnmJPZcQiyE=
10,9,KG7RwcHvMxTxoDuuKnGydABlXBI=,lmd87m2Jjq3bObqgFnmJPZcQiyE=
10,10,O3CT8NAuiI1w5uBKesIKvf1dydU=,lmd87m2Jjq3bObqgFnmJPZcQiyE=
8,10,O3CT8NAuiI1w5uBKesIKvf1dydU=,lmd87m2Jjq3bObqgFnmJPZcQiyE=
9,8,O3CT8NAuiI1w5uBKesIKvf1dydU=,lmd87m2Jjq3bObqgFnmJPZcQiyE=
8,7,O3CT8NAuiI1w5uBKesIKvf1dydU=,lmd87m2Jjq3bObqgFnmJPZcQiyE=
8,8,B81yK1xYU7a7WfVmTbPndft9wkk=,lmd87m2Jjq3bObqgFnmJPZcQiyE=
9,10,B81yK1xYU7a7WfVmTbPndft9wkk=,lmd87m2Jjq3bObqgFnmJPZcQiyE=
8,9,WyyywH0JjdQk5DsmQx5oYLt0jPI=,lmd87m2Jjq3bObqgFnmJPZcQiyE=
13,6,WyyywH0JjdQk5DsmQx5oYLt0jPI=,lmd87m2Jjq3bObqgFnmJPZcQiyE=
14,6,WyyywH0JjdQk5DsmQx5oYLt0jPI=,lmd87m2Jjq3bObqgFnmJPZcQiyE=
12,6,WyyywH0JjdQk5DsmQx5oYLt0jPI=,lmd87m2Jjq3bObqgFnmJPZcQiyE=
12,5,yDrKKPokl9vCE0QpfOB3hpq1t4s=,lmd87m2Jjq3bObqgFnmJPZcQiyE=
11,6,yDrKKPokl9vCE0QpfOB3hpq1t4s=,lmd87m2Jjq3bObqgFnmJPZcQiyE=
11,5,yDrKKPokl9vCE0QpfOB3hpq1t4s=,lmd87m2Jjq3bObqgFnmJPZcQiyE=
13,5,yDrKKPokl9vCE0QpfOB3hpq1t4s=,lmd87m2Jjq3bObqgFnmJPZcQiyE=
14,5,yDrKKPokl9vCE0QpfOB3hpq1t4s=,lmd87m2Jjq3bObqgFnmJPZcQiyE=
14,7,yDrKKPokl9vCE0QpfOB3hpq1t4s=,lmd87m2Jjq3bObqgFnmJPZcQiyE=
13,7,yDrKKPokl9vCE0QpfOB3hpq1t4s=,lmd87m2Jjq3bObqgFnmJPZcQiyE=
12,7,yDrKKPokl9vCE0QpfOB3hpq1t4s=,lmd87m2Jjq3bObqgFnmJPZcQiyE=
11,8,yDrKKPokl9vCE0QpfOB3hpq1t4s=,lmd87m2Jjq3bObqgFnmJPZcQiyE=
11,9,yDrKKPokl9vCE0QpfOB3hpq1t4s=,lmd87m2Jjq3bObqgFnmJPZcQiyE=
11,10,yDrKKPokl9vCE0QpfOB3hpq1t4s=,lmd87m2Jjq3bObqgFnmJPZcQiyE=
12,8,yDrKKPokl9vCE0QpfOB3hpq1t4s=,lmd87m2Jjq3bObqgFnmJPZcQiyE=
12,9,yDrKKPokl9vCE0QpfOB3hpq1t4s=,lmd87m2Jjq3bObqgFnmJPZcQiyE=
12,10,yDrKKPokl9vCE0QpfOB3hpq1t4s=,lmd87m2Jjq3bObqgFnmJPZcQiyE=
13,8,yDrKKPokl9vCE0QpfOB3hpq1t4s=,lmd87m2Jjq3bObqgFnmJPZcQiyE=
13,9,yDrKKPokl9vCE0QpfOB3hpq1t4s=,lmd87m2Jjq3bObqgFnmJPZcQiyE=
13,10,yDrKKPokl9vCE0QpfOB3hpq1t4s=,lmd87m2Jjq3bObqgFnmJPZcQiyE=
11,7,yDrKKPokl9vCE0QpfOB3hpq1t4s=,lmd87m2Jjq3bObqgFnmJPZcQiyE=
14,8,yDrKKPokl9vCE0QpfOB3hpq1t4s=,lmd87m2Jjq3bObqgFnmJPZcQiyE=
14,10,yDrKKPokl9vCE0QpfOB3hpq1t4s=,lmd87m2Jjq3bObqgFnmJPZcQiyE=
5,4,yDrKKPokl9vCE0QpfOB3hpq1t4s=,lmd87m2Jjq3bObqgFnmJPZcQiyE=
14,9,yDrKKPokl9vCE0QpfOB3hpq1t4s=,lmd87m2Jjq3bObqgFnmJPZcQiyE=
5,3,yDrKKPokl9vCE0QpfOB3hpq1t4s=,lmd87m2Jjq3bObqgFnmJPZcQiyE=
6,3,yDrKKPokl9vCE0QpfOB3hpq1t4s=,lmd87m2Jjq3bObqgFnmJPZcQiyE=
6,2,yDrKKPokl9vCE0QpfOB3hpq1t4s=,lmd87m2Jjq3bObqgFnmJPZcQiyE=
6,4,yDrKKPokl9vCE0QpfOB3hpq1t4s=,lmd87m2Jjq3bObqgFnmJPZcQiyE=
5,1,yDrKKPokl9vCE0QpfOB3hpq1t4s=,lmd87m2Jjq3bObqgFnmJPZcQiyE=
5,2,yDrKKPokl9vCE0QpfOB3hpq1t4s=,lmd87m2Jjq3bObqgFnmJPZcQiyE=
6,1,yDrKKPokl9vCE0QpfOB3hpq1t4s=,lmd87m2Jjq3bObqgFnmJPZcQiyE=
7,1,yDrKKPokl9vCE0QpfOB3hpq1t4s=,lmd87m2Jjq3bObqgFnmJPZcQiyE=
7,2,yDrKKPokl9vCE0QpfOB3hpq1t4s=,lmd87m2Jjq3bObqgFnmJPZcQiyE=
7,3,yDrKKPokl9vCE0QpfOB3hpq1t4s=,lmd87m2Jjq3bObqgFnmJPZcQiyE=
8,3,yDrKKPokl9vCE0QpfOB3hpq1t4s=,lmd87m2Jjq3bObqgFnmJPZcQiyE=
8,4,yDrKKPokl9vCE0QpfOB3hpq1t4s=,lmd87m2Jjq3bObqgFnmJPZcQiyE=
8,1,yDrKKPokl9vCE0QpfOB3hpq1t4s=,lmd87m2Jjq3bObqgFnmJPZcQiyE=
7,4,yDrKKPokl9vCE0QpfOB3hpq1t4s=,lmd87m2Jjq3bObqgFnmJPZcQiyE=
10,2,yDrKKPokl9vCE0QpfOB3hpq1t4s=,lmd87m2Jjq3bObqgFnmJPZcQiyE=
9,4,yDrKKPokl9vCE0QpfOB3hpq1t4s=,lmd87m2Jjq3bObqgFnmJPZcQiyE=
9,1,yDrKKPokl9vCE0QpfOB3hpq1t4s=,lmd87m2Jjq3bObqgFnmJPZcQiyE=
10,4,yDrKKPokl9vCE0QpfOB3hpq1t4s=,lmd87m2Jjq3bObqgFnmJPZcQiyE=
10,1,yDrKKPokl9vCE0QpfOB3hpq1t4s=,lmd87m2Jjq3bObqgFnmJPZcQiyE=
9,3,yDrKKPokl9vCE0QpfOB3hpq1t4s=,lmd87m2Jjq3bObqgFnmJPZcQiyE=
8,2,yDrKKPokl9vCE0QpfOB3hpq1t4s=,lmd87m2Jjq3bObqgFnmJPZcQiyE=
10,3,yDrKKPokl9vCE0QpfOB3hpq1t4s=,lmd87m2Jjq3bObqgFnmJPZcQiyE=
9,2,yDrKKPokl9vCE0QpfOB3hpq1t4s=,lmd87m2Jjq3bObqgFnmJPZcQiyE=
13,13,yDrKKPokl9vCE0QpfOB3hpq1t4s=,lmd87m2Jjq3bObqgFnmJPZcQiyE=
14,11,yDrKKPokl9vCE0QpfOB3hpq1t4s=,lmd87m2Jjq3bObqgFnmJPZcQiyE=
13,11,yDrKKPokl9vCE0QpfOB3hpq1t4s=,lmd87m2Jjq3bObqgFnmJPZcQiyE=
13,14,yDrKKPokl9vCE0QpfOB3hpq1t4s=,lmd87m2Jjq3bObqgFnmJPZcQiyE=
13,12,yDrKKPokl9vCE0QpfOB3hpq1t4s=,lmd87m2Jjq3bObqgFnmJPZcQiyE=
14,14,yDrKKPokl9vCE0QpfOB3hpq1t4s=,lmd87m2Jjq3bObqgFnmJPZcQiyE=
14,13,yDrKKPokl9vCE0QpfOB3hpq1t4s=,lmd87m2Jjq3bObqgFnmJPZcQiyE=
14,12,yDrKKPokl9vCE0QpfOB3hpq1t4s=,lmd87m2Jjq3bObqgFnmJPZcQiyE=
14,3,yDrKKPokl9vCE0QpfOB3hpq1t4s=,lmd87m2Jjq3bObqgFnmJPZcQiyE=
5,13,yDrKKPokl9vCE0QpfOB3hpq1t4s=,lmd87m2Jjq3bObqgFnmJPZcQiyE=
6,12,yDrKKPokl9vCE0QpfOB3hpq1t4s=,lmd87m2Jjq3bObqgFnmJPZcQiyE=
5,14,yDrKKPokl9vCE0QpfOB3hpq1t4s=,lmd87m2Jjq3bObqgFnmJPZcQiyE=
6,14,yDrKKPokl9vCE0QpfOB3hpq1t4s=,lmd87m2Jjq3bObqgFnmJPZcQiyE=
6,13,yDrKKPokl9vCE0QpfOB3hpq1t4s=,lmd87m2Jjq3bObqgFnmJPZcQiyE=
6,11,yDrKKPokl9vCE0QpfOB3hpq1t4s=,lmd87m2Jjq3bObqgFnmJPZcQiyE=
5,11,yDrKKPokl9vCE0QpfOB3hpq1t4s=,lmd87m2Jjq3bObqgFnmJPZcQiyE=
5,12,yDrKKPokl9vCE0QpfOB3hpq1t4s=,lmd87m2Jjq3bObqgFnmJPZcQiyE=
13,3,yDrKKPokl9vCE0QpfOB3hpq1t4s=,lmd87m2Jjq3bObqgFnmJPZcQiyE=
12,3,yDrKKPokl9vCE0QpfOB3hpq1t4s=,lmd87m2Jjq3bObqgFnmJPZcQiyE=
14,2,yDrKKPokl9vCE0QpfOB3hpq1t4s=,lmd87m2Jjq3bObqgFnmJPZcQiyE=
13,2,yDrKKPokl9vCE0QpfOB3hpq1t4s=,lmd87m2Jjq3bObqgFnmJPZcQiyE=
8,13,yDrKKPokl9vCE0QpfOB3hpq1t4s=,lmd87m2Jjq3bObqgFnmJPZcQiyE=
9,13,yDrKKPokl9vCE0QpfOB3hpq1t4s=,lmd87m2Jjq3bObqgFnmJPZcQiyE=
12,2,yDrKKPokl9vCE0QpfOB3hpq1t4s=,lmd87m2Jjq3bObqgFnmJPZcQiyE=
14,1,yDrKKPokl9vCE0QpfOB3hpq1t4s=,lmd87m2Jjq3bObqgFnmJPZcQiyE=
7,14,yDrKKPokl9vCE0QpfOB3hpq1t4s=,lmd87m2Jjq3bObqgFnmJPZcQiyE=
10,13,yDrKKPokl9vCE0QpfOB3hpq1t4s=,lmd87m2Jjq3bObqgFnmJPZcQiyE=
8,14,yDrKKPokl9vCE0QpfOB3hpq1t4s=,lmd87m2Jjq3bObqgFnmJPZcQiyE=
9,14,yDrKKPokl9vCE0QpfOB3hpq1t4s=,lmd87m2Jjq3bObqgFnmJPZcQiyE=
12,1,yDrKKPokl9vCE0QpfOB3hpq1t4s=,lmd87m2Jjq3bObqgFnmJPZcQiyE=
13,1,yDrKKPokl9vCE0QpfOB3hpq1t4s=,lmd87m2Jjq3bObqgFnmJPZcQiyE=
11,1,yDrKKPokl9vCE0QpfOB3hpq1t4s=,lmd87m2Jjq3bObqgFnmJPZcQiyE=
11,13,yDrKKPokl9vCE0QpfOB3hpq1t4s=,lmd87m2Jjq3bObqgFnmJPZcQiyE=
11,4,yDrKKPokl9vCE0QpfOB3hpq1t4s=,lmd87m2Jjq3bObqgFnmJPZcQiyE=
11,2,yDrKKPokl9vCE0QpfOB3hpq1t4s=,lmd87m2Jjq3bObqgFnmJPZcQiyE=
10,14,yDrKKPokl9vCE0QpfOB3hpq1t4s=,lmd87m2Jjq3bObqgFnmJPZcQiyE=
11,3,yDrKKPokl9vCE0QpfOB3hpq1t4s=,lmd87m2Jjq3bObqgFnmJPZcQiyE=
12,4,yDrKKPokl9vCE0QpfOB3hpq1t4s=,lmd87m2Jjq3bObqgFnmJPZcQiyE=
13,4,yDrKKPokl9vCE0QpfOB3hpq1t4s=,lmd87m2Jjq3bObqgFnmJPZcQiyE=
14,4,yDrKKPokl9vCE0QpfOB3hpq1t4s=,lmd87m2Jjq3bObqgFnmJPZcQiyE=
8,12,yDrKKPokl9vCE0QpfOB3hpq1t4s=,lmd87m2Jjq3bObqgFnmJPZcQiyE=
7,13,yDrKKPokl9vCE0QpfOB3hpq1t4s=,lmd87m2Jjq3bObqgFnmJPZcQiyE=
11,14,yDrKKPokl9vCE0QpfOB3hpq1t4s=,lmd87m2Jjq3bObqgFnmJPZcQiyE=
9,12,yDrKKPokl9vCE0QpfOB3hpq1t4s=,lmd87m2Jjq3bObqgFnmJPZcQiyE=
7,11,yDrKKPokl9vCE0QpfOB3hpq1t4s=,lmd87m2Jjq3bObqgFnmJPZcQiyE=
12,11,yDrKKPokl9vCE0QpfOB3hpq1t4s=,lmd87m2Jjq3bObqgFnmJPZcQiyE=
11,11,yDrKKPokl9vCE0QpfOB3hpq1t4s=,lmd87m2Jjq3bObqgFnmJPZcQiyE=
7,12,yDrKKPokl9vCE0QpfOB3hpq1t4s=,lmd87m2Jjq3bObqgFnmJPZcQiyE=
10,11,yDrKKPokl9vCE0QpfOB3hpq1t4s=,lmd87m2Jjq3bObqgFnmJPZcQiyE=
9,11,yDrKKPokl9vCE0QpfOB3hpq1t4s=,lmd87m2Jjq3bObqgFnmJPZcQiyE=
11,12,yDrKKPokl9vCE0QpfOB3hpq1t4s=,lmd87m2Jjq3bObqgFnmJPZcQiyE=
10,12,yDrKKPokl9vCE0QpfOB3hpq1t4s=,lmd87m2Jjq3bObqgFnmJPZcQiyE=
8,11,yDrKKPokl9vCE0QpfOB3hpq1t4s=,lmd87m2Jjq3bObqgFnmJPZcQiyE=
12,12,yDrKKPokl9vCE0QpfOB3hpq1t4s=,lmd87m2Jjq3bObqgFnmJPZcQiyE=
12,13,yDrKKPokl9vCE0QpfOB3hpq1t4s=,lmd87m2Jjq3bObqgFnmJPZcQiyE=
12,14,yDrKKPokl9vCE0QpfOB3hpq1t4s=,lmd87m2Jjq3bObqgFnmJPZcQiyE=
4,5,yDrKKPokl9vCE0QpfOB3hpq1t4s=,lmd87m2Jjq3bObqgFnmJPZcQiyE=
2,5,yDrKKPokl9vCE0QpfOB3hpq1t4s=,lmd87m2Jjq3bObqgFnmJPZcQiyE=
1,6,yDrKKPokl9vCE0QpfOB3hpq1t4s=,lmd87m2Jjq3bObqgFnmJPZcQiyE=
4,6,yDrKKPokl9vCE0QpfOB3hpq1t4s=,lmd87m2Jjq3bObqgFnmJPZcQiyE=
3,5,yDrKKPokl9vCE0QpfOB3hpq1t4s=,lmd87m2Jjq3bObqgFnmJPZcQiyE=
2,6,yDrKKPokl9vCE0QpfOB3hpq1t4s=,lmd87m2Jjq3bObqgFnmJPZcQiyE=
3,6,yDrKKPokl9vCE0QpfOB3hpq1t4s=,lmd87m2Jjq3bObqgFnmJPZcQiyE=
1,5,yDrKKPokl9vCE0QpfOB3hpq1t4s=,lmd87m2Jjq3bObqgFnmJPZcQiyE=
0,5,yDrKKPokl9vCE0QpfOB3hpq1t4s=,lmd87m2Jjq3bObqgFnmJPZcQiyE=
0,6,yDrKKPokl9vCE0QpfOB3hpq1t4s=,lmd87m2Jjq3bObqgFnmJPZcQiyE=
4,4,yDrKKPokl9vCE0QpfOB3hpq1t4s=,lmd87m2Jjq3bObqgFnmJPZcQiyE=
2,4,yDrKKPokl9vCE0QpfOB3hpq1t4s=,lmd87m2Jjq3bObqgFnmJPZcQiyE=
1,1,yDrKKPokl9vCE0QpfOB3hpq1t4s=,lmd87m2Jjq3bObqgFnmJPZcQiyE=
4,1,yDrKKPokl9vCE0QpfOB3hpq1t4s=,lmd87m2Jjq3bObqgFnmJPZcQiyE=
2,1,yDrKKPokl9vCE0QpfOB3hpq1t4s=,lmd87m2Jjq3bObqgFnmJPZcQiyE=
1,2,yDrKKPokl9vCE0QpfOB3hpq1t4s=,lmd87m2Jjq3bObqgFnmJPZcQiyE=
1,3,yDrKKPokl9vCE0QpfOB3hpq1t4s=,lmd87m2Jjq3bObqgFnmJPZcQiyE=
3,1,yDrKKPokl9vCE0QpfOB3hpq1t4s=,lmd87m2Jjq3bObqgFnmJPZcQiyE=
2,3,yDrKKPokl9vCE0QpfOB3hpq1t4s=,lmd87m2Jjq3bObqgFnmJPZcQiyE=
3,3,yDrKKPokl9vCE0QpfOB3hpq1t4s=,lmd87m2Jjq3bObqgFnmJPZcQiyE=
2,2,yDrKKPokl9vCE0QpfOB3hpq1t4s=,lmd87m2Jjq3bObqgFnmJPZcQiyE=
4,2,yDrKKPokl9vCE0QpfOB3hpq1t4s=,lmd87m2Jjq3bObqgFnmJPZcQiyE=
1,4,yDrKKPokl9vCE0QpfOB3hpq1t4s=,lmd87m2Jjq3bObqgFnmJPZcQiyE=
3,4,yDrKKPokl9vCE0QpfOB3hpq1t4s=,lmd87m2Jjq3bObqgFnmJPZcQiyE=
4,3,yDrKKPokl9vCE0QpfOB3hpq1t4s=,lmd87m2Jjq3bObqgFnmJPZcQiyE=
3,2,yDrKKPokl9vCE0QpfOB3hpq1t4s=,lmd87m2Jjq3bObqgFnmJPZcQiyE=
4,14,yDrKKPokl9vCE0QpfOB3hpq1t4s=,lmd87m2Jjq3bObqgFnmJPZcQiyE=
1,14,yDrKKPokl9vCE0QpfOB3hpq1t4s=,lmd87m2Jjq3bObqgFnmJPZcQiyE=
3,14,yDrKKPokl9vCE0QpfOB3hpq1t4s=,lmd87m2Jjq3bObqgFnmJPZcQiyE=
4,13,yDrKKPokl9vCE0QpfOB3hpq1t4s=,lmd87m2Jjq3bObqgFnmJPZcQiyE=
2,14,yDrKKPokl9vCE0QpfOB3hpq1t4s=,lmd87m2Jjq3bObqgFnmJPZcQiyE=
3,13,yDrKKPokl9vCE0QpfOB3hpq1t4s=,lmd87m2Jjq3bObqgFnmJPZcQiyE=
2,13,yDrKKPokl9vCE0QpfOB3hpq1t4s=,lmd87m2Jjq3bObqgFnmJPZcQiyE=
1,13,yDrKKPokl9vCE0QpfOB3hpq1t4s=,lmd87m2Jjq3bObqgFnmJPZcQiyE=
0,4,yDrKKPokl9vCE0QpfOB3hpq1t4s=,lmd87m2Jjq3bObqgFnmJPZcQiyE=
0,2,yDrKKPokl9vCE0QpfOB3hpq1t4s=,lmd87m2Jjq3bObqgFnmJPZcQiyE=
0,3,yDrKKPokl9vCE0QpfOB3hpq1t4s=,lmd87m2Jjq3bObqgFnmJPZcQiyE=
1,15,yDrKKPokl9vCE0QpfOB3hpq1t4s=,lmd87m2Jjq3bObqgFnmJPZcQiyE=
2,15,yDrKKPokl9vCE0QpfOB3hpq1t4s=,lmd87m2Jjq3bObqgFnmJPZcQiyE=
0,1,yDrKKPokl9vCE0QpfOB3hpq1t4s=,lmd87m2Jjq3bObqgFnmJPZcQiyE=
0,14,yDrKKPokl9vCE0QpfOB3hpq1t4s=,lmd87m2Jjq3bObqgFnmJPZcQiyE=
0,13,yDrKKPokl9vCE0QpfOB3hpq1t4s=,lmd87m2Jjq3bObqgFnmJPZcQiyE=
4,15,yDrKKPokl9vCE0QpfOB3hpq1t4s=,lmd87m2Jjq3bObqgFnmJPZcQiyE=
5,15,yDrKKPokl9vCE0QpfOB3hpq1t4s=,lmd87m2Jjq3bObqgFnmJPZcQiyE=
6,15,yDrKKPokl9vCE0QpfOB3hpq1t4s=,lmd87m2Jjq3bObqgFnmJPZcQiyE=
8,15,yDrKKPokl9vCE0QpfOB3hpq1t4s=,lmd87m2Jjq3bObqgFnmJPZcQiyE=
3,15,yDrKKPokl9vCE0QpfOB3hpq1t4s=,lmd87m2Jjq3bObqgFnmJPZcQiyE=
10,15,yDrKKPokl9vCE0QpfOB3hpq1t4s=,lmd87m2Jjq3bObqgFnmJPZcQiyE=
9,15,yDrKKPokl9vCE0QpfOB3hpq1t4s=,lmd87m2Jjq3bObqgFnmJPZcQiyE=
15,14,yDrKKPokl9vCE0QpfOB3hpq1t4s=,lmd87m2Jjq3bObqgFnmJPZcQiyE=
15,13,yDrKKPokl9vCE0QpfOB3hpq1t4s=,lmd87m2Jjq3bObqgFnmJPZcQiyE=
7,15,yDrKKPokl9vCE0QpfOB3hpq1t4s=,lmd87m2Jjq3bObqgFnmJPZcQiyE=
15,6,yDrKKPokl9vCE0QpfOB3hpq1t4s=,lmd87m2Jjq3bObqgFnmJPZcQiyE=
15,5,yDrKKPokl9vCE0QpfOB3hpq1t4s=,lmd87m2Jjq3bObqgFnmJPZcQiyE=
15,7,yDrKKPokl9vCE0QpfOB3hpq1t4s=,lmd87m2Jjq3bObqgFnmJPZcQiyE=
15,12,yDrKKPokl9vCE0QpfOB3hpq1t4s=,lmd87m2Jjq3bObqgFnmJPZcQiyE=
15,8,yDrKKPokl9vCE0QpfOB3hpq1t4s=,lmd87m2Jjq3bObqgFnmJPZcQiyE=
11,15,yDrKKPokl9vCE0QpfOB3hpq1t4s=,lmd87m2Jjq3bObqgFnmJPZcQiyE=
12,15,yDrKKPokl9vCE0QpfOB3hpq1t4s=,lmd87m2Jjq3bObqgFnmJPZcQiyE=
15,9,yDrKKPokl9vCE0QpfOB3hpq1t4s=,lmd87m2Jjq3bObqgFnmJPZcQiyE=
15,10,yDrKKPokl9vCE0QpfOB3hpq1t4s=,lmd87m2Jjq3bObqgFnmJPZcQiyE=
15,11,yDrKKPokl9vCE0QpfOB3hpq1t4s=,lmd87m2Jjq3bObqgFnmJPZcQiyE=
13,15,yDrKKPokl9vCE0QpfOB3hpq1t4s=,lmd87m2Jjq3bObqgFnmJPZcQiyE=
14,15,yDrKKPokl9vCE0QpfOB3hpq1t4s=,lmd87m2Jjq3bObqgFnmJPZcQiyE=
15,15,yDrKKPokl9vCE0QpfOB3hpq1t4s=,lmd87m2Jjq3bObqgFnmJPZcQiyE=
5,0,yDrKKPokl9vCE0QpfOB3hpq1t4s=,lmd87m2Jjq3bObqgFnmJPZcQiyE=
6,0,yDrKKPokl9vCE0QpfOB3hpq1t4s=,lmd87m2Jjq3bObqgFnmJPZcQiyE=
14,0,yDrKKPokl9vCE0QpfOB3hpq1t4s=,lmd87m2Jjq3bObqgFnmJPZcQiyE=
13,0,yDrKKPokl9vCE0QpfOB3hpq1t4s=,lmd87m2Jjq3bObqgFnmJPZcQiyE=
12,0,yDrKKPokl9vCE0QpfOB3hpq1t4s=,lmd87m2Jjq3bObqgFnmJPZcQiyE=
7,0,yDrKKPokl9vCE0QpfOB3hpq1t4s=,lmd87m2Jjq3bObqgFnmJPZcQiyE=
11,0,yDrKKPokl9vCE0QpfOB3hpq1t4s=,lmd87m2Jjq3bObqgFnmJPZcQiyE=
8,0,yDrKKPokl9vCE0QpfOB3hpq1t4s=,lmd87m2Jjq3bObqgFnmJPZcQiyE=
9,0,yDrKKPokl9vCE0QpfOB3hpq1t4s=,lmd87m2Jjq3bObqgFnmJPZcQiyE=
10,0,yDrKKPokl9vCE0QpfOB3hpq1t4s=,lmd87m2Jjq3bObqgFnmJPZcQiyE=
15,3,yDrKKPokl9vCE0QpfOB3hpq1t4s=,lmd87m2Jjq3bObqgFnmJPZcQiyE=
15,2,yDrKKPokl9vCE0QpfOB3hpq1t4s=,lmd87m2Jjq3bObqgFnmJPZcQiyE=
15,1,yDrKKPokl9vCE0QpfOB3hpq1t4s=,lmd87m2Jjq3bObqgFnmJPZcQiyE=
15,4,yDrKKPokl9vCE0QpfOB3hpq1t4s=,lmd87m2Jjq3bObqgFnmJPZcQiyE=
0,15,yDrKKPokl9vCE0QpfOB3hpq1t4s=,lmd87m2Jjq3bObqgFnmJPZcQiyE=
15,0,yDrKKPokl9vCE0QpfOB3hpq1t4s=,lmd87m2Jjq3bObqgFnmJPZcQiyE=
3,0,yDrKKPokl9vCE0QpfOB3hpq1t4s=,lmd87m2Jjq3bObqgFnmJPZcQiyE=
0,0,yDrKKPokl9vCE0QpfOB3hpq1t4s=,lmd87m2Jjq3bObqgFnmJPZcQiyE=
1,0,yDrKKPokl9vCE0QpfOB3hpq1t4s=,lmd87m2Jjq3bObqgFnmJPZcQiyE=
2,0,yDrKKPokl9vCE0QpfOB3hpq1t4s=,lmd87m2Jjq3bObqgFnmJPZcQiyE=
4,0,yDrKKPokl9vCE0QpfOB3hpq1t4s=,lmd87m2Jjq3bObqgFnmJPZcQiyE=
3,12,yDrKKPokl9vCE0QpfOB3hpq1t4s=,lmd87m2Jjq3bObqgFnmJPZcQiyE=
4,7,yDrKKPokl9vCE0QpfOB3hpq1t4s=,lmd87m2Jjq3bObqgFnmJPZcQiyE=
2,7,yDrKKPokl9vCE0QpfOB3hpq1t4s=,lmd87m2Jjq3bObqgFnmJPZcQiyE=
0,12,yDrKKPokl9vCE0QpfOB3hpq1t4s=,lmd87m2Jjq3bObqgFnmJPZcQiyE=
2,10,yDrKKPokl9vCE0QpfOB3hpq1t4s=,lmd87m2Jjq3bObqgFnmJPZcQiyE=
3,11,yDrKKPokl9vCE0QpfOB3hpq1t4s=,lmd87m2Jjq3bObqgFnmJPZcQiyE=
4,10,yDrKKPokl9vCE0QpfOB3hpq1t4s=,lmd87m2Jjq3bObqgFnmJPZcQiyE=
4,12,yDrKKPokl9vCE0QpfOB3hpq1t4s=,lmd87m2Jjq3bObqgFnmJPZcQiyE=
1,10,yDrKKPokl9vCE0QpfOB3hpq1t4s=,lmd87m2Jjq3bObqgFnmJPZcQiyE=
0,8,yDrKKPokl9vCE0QpfOB3hpq1t4s=,lmd87m2Jjq3bObqgFnmJPZcQiyE=
1,7,yDrKKPokl9vCE0QpfOB3hpq1t4s=,lmd87m2Jjq3bObqgFnmJPZcQiyE=
3,7,yDrKKPokl9vCE0QpfOB3hpq1t4s=,lmd87m2Jjq3bObqgFnmJPZcQiyE=
0,7,yDrKKPokl9vCE0QpfOB3hpq1t4s=,lmd87m2Jjq3bObqgFnmJPZcQiyE=
2,11,yDrKKPokl9vCE0QpfOB3hpq1t4s=,lmd87m2Jjq3bObqgFnmJPZcQiyE=
2,9,yDrKKPokl9vCE0QpfOB3hpq1t4s=,lmd87m2Jjq3bObqgFnmJPZcQiyE=
4,11,yDrKKPokl9vCE0QpfOB3hpq1t4s=,lmd87m2Jjq3bObqgFnmJPZcQiyE=
3,8,yDrKKPokl9vCE0QpfOB3hpq1t4s=,lmd87m2Jjq3bObqgFnmJPZcQiyE=
1,11,yDrKKPokl9vCE0QpfOB3hpq1t4s=,lmd87m2Jjq3bObqgFnmJPZcQiyE=
3,9,yDrKKPokl9vCE0QpfOB3hpq1t4s=,lmd87m2Jjq3bObqgFnmJPZcQiyE=
0,11,yDrKKPokl9vCE0QpfOB3hpq1t4s=,lmd87m2Jjq3bObqgFnmJPZcQiyE=
0,10,yDrKKPokl9vCE0QpfOB3hpq1t4s=,lmd87m2Jjq3bObqgFnmJPZcQiyE=
3,10,yDrKKPokl9vCE0QpfOB3hpq1t4s=,lmd87m2Jjq3bObqgFnmJPZcQiyE=
4,8,yDrKKPokl9vCE0QpfOB3hpq1t4s=,lmd87m2Jjq3bObqgFnmJPZcQiyE=
1,12,yDrKKPokl9vCE0QpfOB3hpq1t4s=,lmd87m2Jjq3bObqgFnmJPZcQiyE=
2,8,yDrKKPokl9vCE0QpfOB3hpq1t4s=,lmd87m2Jjq3bObqgFnmJPZcQiyE=
2,12,yDrKKPokl9vCE0QpfOB3hpq1t4s=,lmd87m2Jjq3bObqgFnmJPZcQiyE=
1,8,yDrKKPokl9vCE0QpfOB3hpq1t4s=,lmd87m2Jjq3bObqgFnmJPZcQiyE=
1,9,yDrKKPokl9vCE0QpfOB3hpq1t4s=,lmd87m2Jjq3bObqgFnmJPZcQiyE=
0,9,yDrKKPokl9vCE0QpfOB3hpq1t4s=,lmd87m2Jjq3bObqgFnmJPZcQiyE=
4,9,yDrKKPokl9vCE0QpfOB3hpq1t4s=,lmd87m2Jjq3bObqgFnmJPZcQiyE=
9,21,a9CF1AXdfGLP9drwQ2cNfATRw14=,lmd87m2Jjq3bObqgFnmJPZcQiyE=
10,22,a9CF1AXdfGLP9drwQ2cNfATRw14=,lmd87m2Jjq3bObqgFnmJPZcQiyE=
9,22,a9CF1AXdfGLP9drwQ2cNfATRw14=,lmd87m2Jjq3bObqgFnmJPZcQiyE=
10,21,a9CF1AXdfGLP9drwQ2cNfATRw14=,lmd87m2Jjq3bObqgFnmJPZcQiyE=
9,19,a9CF1AXdfGLP9drwQ2cNfATRw14=,lmd87m2Jjq3bObqgFnmJPZcQiyE=
10,18,a9CF1AXdfGLP9drwQ2cNfATRw14=,lmd87m2Jjq3bObqgFnmJPZcQiyE=
9,18,a9CF1AXdfGLP9drwQ2cNfATRw14=,lmd87m2Jjq3bObqgFnmJPZcQiyE=
10,20,a9CF1AXdfGLP9drwQ2cNfATRw14=,lmd87m2Jjq3bObqgFnmJPZcQiyE=
9,20,a9CF1AXdfGLP9drwQ2cNfATRw14=,lmd87m2Jjq3bObqgFnmJPZcQiyE=
10,17,5cMOwjyxBMExnxRiCqL8VcGek84=,lmd87m2Jjq3bObqgFnmJPZcQiyE=
9,17,5cMOwjyxBMExnxRiCqL8VcGek84=,lmd87m2Jjq3bObqgFnmJPZcQiyE=
10,19,5cMOwjyxBMExnxRiCqL8VcGek84=,lmd87m2Jjq3bObqgFnmJPZcQiyE=
12,21,5cMOwjyxBMExnxRiCqL8VcGek84=,lmd87m2Jjq3bObqgFnmJPZcQiyE=
13,21,5cMOwjyxBMExnxRiCqL8VcGek84=,lmd87m2Jjq3bObqgFnmJPZcQiyE=
14,21,5cMOwjyxBMExnxRiCqL8VcGek84=,lmd87m2Jjq3bObqgFnmJPZcQiyE=
14,22,1DL7WqKPmjPNyblAERbCNxp1gKw=,lmd87m2Jjq3bObqgFnmJPZcQiyE=
11,21,1DL7WqKPmjPNyblAERbCNxp1gKw=,lmd87m2Jjq3bObqgFnmJPZcQiyE=
12,22,1DL7WqKPmjPNyblAERbCNxp1gKw=,lmd87m2Jjq3bObqgFnmJPZcQiyE=
11,22,1DL7WqKPmjPNyblAERbCNxp1gKw=,lmd87m2Jjq3bObqgFnmJPZcQiyE=
13,22,1DL7WqKPmjPNyblAERbCNxp1gKw=,lmd87m2Jjq3bObqgFnmJPZcQiyE=
12,19,7k/z49oolaCygwefzKb0N7I7HOU=,lmd87m2Jjq3bObqgFnmJPZcQiyE=
13,19,IEjMnk1X5NFj9+YqS6rEqSj+wz0=,lmd87m2Jjq3bObqgFnmJPZcQiyE=
14,19,IEjMnk1X5NFj9+YqS6rEqSj+wz0=,lmd87m2Jjq3bObqgFnmJPZcQiyE=
14,18,IEjMnk1X5NFj9+YqS6rEqSj+wz0=,lmd87m2Jjq3bObqgFnmJPZcQiyE=
11,19,efv+p32dX3/q3Wj8jMonhHepWs0=,lmd87m2Jjq3bObqgFnmJPZcQiyE=
11,18,efv+p32dX3/q3Wj8jMonhHepWs0=,lmd87m2Jjq3bObqgFnmJPZcQiyE=
13,18,efv+p32dX3/q3Wj8jMonhHepWs0=,lmd87m2Jjq3bObqgFnmJPZcQiyE=
11,20,efv+p32dX3/q3Wj8jMonhHepWs0=,lmd87m2Jjq3bObqgFnmJPZcQiyE=
12,18,efv+p32dX3/q3Wj8jMonhHepWs0=,lmd87m2Jjq3bObqgFnmJPZcQiyE=
12,20,RRq0U+bKO6Gx4pYoySBCo26JR0M=,lmd87m2Jjq3bObqgFnmJPZcQiyE=
14,17,RRq0U+bKO6Gx4pYoySBCo26JR0M=,lmd87m2Jjq3bObqgFnmJPZcQiyE=
14,20,RRq0U+bKO6Gx4pYoySBCo26JR0M=,lmd87m2Jjq3bObqgFnmJPZcQiyE=
11,17,RRq0U+bKO6Gx4pYoySBCo26JR0M=,lmd87m2Jjq3bObqgFnmJPZcQiyE=
13,20,RRq0U+bKO6Gx4pYoySBCo26JR0M=,lmd87m2Jjq3bObqgFnmJPZcQiyE=
12,17,W9OTy9POWyXyrIQfeDv3LbL8Vbg=,lmd87m2Jjq3bObqgFnmJPZcQiyE=
13,17,wUTwrwxj1+n74g2EdEmNNsI55Js=,lmd87m2Jjq3bObqgFnmJPZcQiyE=
8,22,wUTwrwxj1+n74g2EdEmNNsI55Js=,lmd87m2Jjq3bObqgFnmJPZcQiyE=
8,21,wUTwrwxj1+n74g2EdEmNNsI55Js=,lmd87m2Jjq3bObqgFnmJPZcQiyE=
5,21,wUTwrwxj1+n74g2EdEmNNsI55Js=,lmd87m2Jjq3bObqgFnmJPZcQiyE=
7,22,wUTwrwxj1+n74g2EdEmNNsI55Js=,lmd87m2Jjq3bObqgFnmJPZcQiyE=
5,22,wUTwrwxj1+n74g2EdEmNNsI55Js=,lmd87m2Jjq3bObqgFnmJPZcQiyE=
6,22,wUTwrwxj1+n74g2EdEmNNsI55Js=,lmd87m2Jjq3bObqgFnmJPZcQiyE=
7,21,wUTwrwxj1+n74g2EdEmNNsI55Js=,lmd87m2Jjq3bObqgFnmJPZcQiyE=
6,21,wUTwrwxj1+n74g2EdEmNNsI55Js=,lmd87m2Jjq3bObqgFnmJPZcQiyE=
8,17,wUTwrwxj1+n74g2EdEmNNsI55Js=,lmd87m2Jjq3bObqgFnmJPZcQiyE=
8,19,wUTwrwxj1+n74g2EdEmNNsI55Js=,lmd87m2Jjq3bObqgFnmJPZcQiyE=
8,18,wUTwrwxj1+n74g2EdEmNNsI55Js=,lmd87m2Jjq3bObqgFnmJPZcQiyE=
5,19,wUTwrwxj1+n74g2EdEmNNsI55Js=,lmd87m2Jjq3bObqgFnmJPZcQiyE=
7,18,wUTwrwxj1+n74g2EdEmNNsI55Js=,lmd87m2Jjq3bObqgFnmJPZcQiyE=
8,20,wUTwrwxj1+n74g2EdEmNNsI55Js=,lmd87m2Jjq3bObqgFnmJPZcQiyE=
5,18,wUTwrwxj1+n74g2EdEmNNsI55Js=,lmd87m2Jjq3bObqgFnmJPZcQiyE=
6,18,wUTwrwxj1+n74g2EdEmNNsI55Js=,lmd87m2Jjq3bObqgFnmJPZcQiyE=
6,19,wUTwrwxj1+n74g2EdEmNNsI55Js=,lmd87m2Jjq3bObqgFnmJPZcQiyE=
7,19,wUTwrwxj1+n74g2EdEmNNsI55Js=,lmd87m2Jjq3bObqgFnmJPZcQiyE=
5,20,wUTwrwxj1+n74g2EdEmNNsI55Js=,lmd87m2Jjq3bObqgFnmJPZcQiyE=
5,17,wUTwrwxj1+n74g2EdEmNNsI55Js=,lmd87m2Jjq3bObqgFnmJPZcQiyE=
7,20,wUTwrwxj1+n74g2EdEmNNsI55Js=,lmd87m2Jjq3bObqgFnmJPZcQiyE=
6,17,wUTwrwxj1+n74g2EdEmNNsI55Js=,lmd87m2Jjq3bObqgFnmJPZcQiyE=
6,20,wUTwrwxj1+n74g2EdEmNNsI55Js=,lmd87m2Jjq3bObqgFnmJPZcQiyE=
7,17,wUTwrwxj1+n74g2EdEmNNsI55Js=,lmd87m2Jjq3bObqgFnmJPZcQiyE=
2,21,wUTwrwxj1+n74g2EdEmNNsI55Js=,lmd87m2Jjq3bObqgFnmJPZcQiyE=
3,21,wUTwrwxj1+n74g2EdEmNNsI55Js=,lmd87m2Jjq3bObqgFnmJPZcQiyE=
4,21,wUTwrwxj1+n74g2EdEmNNsI55Js=,lmd87m2Jjq3bObqgFnmJPZcQiyE=
4,22,wUTwrwxj1+n74g2EdEmNNsI55Js=,lmd87m2Jjq3bObqgFnmJPZcQiyE=
2,22,wUTwrwxj1+n74g2EdEmNNsI55Js=,lmd87m2Jjq3bObqgFnmJPZcQiyE=
1,21,wUTwrwxj1+n74g2EdEmNNsI55Js=,lmd87m2Jjq3bObqgFnmJPZcQiyE=
3,22,wUTwrwxj1+n74g2EdEmNNsI55Js=,lmd87m2Jjq3bObqgFnmJPZcQiyE=
1,22,wUTwrwxj1+n74g2EdEmNNsI55Js=,lmd87m2Jjq3bObqgFnmJPZcQiyE=
1,17,wUTwrwxj1+n74g2EdEmNNsI55Js=,lmd87m2Jjq3bObqgFnmJPZcQiyE=
3,18,wUTwrwxj1+n74g2EdEmNNsI55Js=,lmd87m2Jjq3bObqgFnmJPZcQiyE=
1,19,wUTwrwxj1+n74g2EdEmNNsI55Js=,lmd87m2Jjq3bObqgFnmJPZcQiyE=
3,19,wUTwrwxj1+n74g2EdEmNNsI55Js=,lmd87m2Jjq3bObqgFnmJPZcQiyE=
4,19,wUTwrwxj1+n74g2EdEmNNsI55Js=,lmd87m2Jjq3bObqgFnmJPZcQiyE=
3,17,wUTwrwxj1+n74g2EdEmNNsI55Js=,lmd87m2Jjq3bObqgFnmJPZcQiyE=
1,18,wUTwrwxj1+n74g2EdEmNNsI55Js=,lmd87m2Jjq3bObqgFnmJPZcQiyE=
4,17,wUTwrwxj1+n74g2EdEmNNsI55Js=,lmd87m2Jjq3bObqgFnmJPZcQiyE=
2,18,wUTwrwxj1+n74g2EdEmNNsI55Js=,lmd87m2Jjq3bObqgFnmJPZcQiyE=
4,20,wUTwrwxj1+n74g2EdEmNNsI55Js=,lmd87m2Jjq3bObqgFnmJPZcQiyE=
3,20,wUTwrwxj1+n74g2EdEmNNsI55Js=,lmd87m2Jjq3bObqgFnmJPZcQiyE=
4,18,wUTwrwxj1+n74g2EdEmNNsI55Js=,lmd87m2Jjq3bObqgFnmJPZcQiyE=
1,20,wUTwrwxj1+n74g2EdEmNNsI55Js=,lmd87m2Jjq3bObqgFnmJPZcQiyE=
2,20,wUTwrwxj1+n74g2EdEmNNsI55Js=,lmd87m2Jjq3bObqgFnmJPZcQiyE=
2,19,wUTwrwxj1+n74g2EdEmNNsI55Js=,lmd87m2Jjq3bObqgFnmJPZcQiyE=
2,17,wUTwrwxj1+n74g2EdEmNNsI55Js=,lmd87m2Jjq3bObqgFnmJPZcQiyE=
9,23,wUTwrwxj1+n74g2EdEmNNsI55Js=,lmd87m2Jjq3bObqgFnmJPZcQiyE=
10,23,wUTwrwxj1+n74g2EdEmNNsI55Js=,lmd87m2Jjq3bObqgFnmJPZcQiyE=
9,25,wUTwrwxj1+n74g2EdEmNNsI55Js=,lmd87m2Jjq3bObqgFnmJPZcQiyE=
10,25,wUTwrwxj1+n74g2EdEmNNsI55Js=,lmd87m2Jjq3bObqgFnmJPZcQiyE=
9,26,wUTwrwxj1+n74g2EdEmNNsI55Js=,lmd87m2Jjq3bObqgFnmJPZcQiyE=
9,24,wUTwrwxj1+n74g2EdEmNNsI55Js=,lmd87m2Jjq3bObqgFnmJPZcQiyE=
10,26,wUTwrwxj1+n74g2EdEmNNsI55Js=,lmd87m2Jjq3bObqgFnmJPZcQiyE=
10,24,wUTwrwxj1+n74g2EdEmNNsI55Js=,lmd87m2Jjq3bObqgFnmJPZcQiyE=
1,26,wUTwrwxj1+n74g2EdEmNNsI55Js=,lmd87m2Jjq3bObqgFnmJPZcQiyE=
2,26,wUTwrwxj1+n74g2EdEmNNsI55Js=,lmd87m2Jjq3bObqgFnmJPZcQiyE=
1,25,wUTwrwxj1+n74g2EdEmNNsI55Js=,lmd87m2Jjq3bObqgFnmJPZcQiyE=
2,25,wUTwrwxj1+n74g2EdEmNNsI55Js=,lmd87m2Jjq3bObqgFnmJPZcQiyE=
1,24,wUTwrwxj1+n74g2EdEmNNsI55Js=,lmd87m2Jjq3bObqgFnmJPZcQiyE=
2,24,wUTwrwxj1+n74g2EdEmNNsI55Js=,lmd87m2Jjq3bObqgFnmJPZcQiyE=
2,23,wUTwrwxj1+n74g2EdEmNNsI55Js=,lmd87m2Jjq3bObqgFnmJPZcQiyE=
1,23,wUTwrwxj1+n74g2EdEmNNsI55Js=,lmd87m2Jjq3bObqgFnmJPZcQiyE=
5,29,wUTwrwxj1+n74g2EdEmNNsI55Js=,lmd87m2Jjq3bObqgFnmJPZcQiyE=
6,29,wUTwrwxj1+n74g2EdEmNNsI55Js=,lmd87m2Jjq3bObqgFnmJPZcQiyE=
5,30,wUTwrwxj1+n74g2EdEmNNsI55Js=,lmd87m2Jjq3bObqgFnmJPZcQiyE=
8,23,wUTwrwxj1+n74g2EdEmNNsI55Js=,lmd87m2Jjq3bObqgFnmJPZcQiyE=
6,30,wUTwrwxj1+n74g2EdEmNNsI55Js=,lmd87m2Jjq3bObqgFnmJPZcQiyE=
4,23,wUTwrwxj1+n74g2EdEmNNsI55Js=,lmd87m2Jjq3bObqgFnmJPZcQiyE=
5,23,wUTwrwxj1+n74g2EdEmNNsI55Js=,lmd87m2Jjq3bObqgFnmJPZcQiyE=
12,25,wUTwrwxj1+n74g2EdEmNNsI55Js=,lmd87m2Jjq3bObqgFnmJPZcQiyE=
6,23,wUTwrwxj1+n74g2EdEmNNsI55Js=,lmd87m2Jjq3bObqgFnmJPZcQiyE=
7,23,wUTwrwxj1+n74g2EdEmNNsI55Js=,lmd87m2Jjq3bObqgFnmJPZcQiyE=
4,25,wUTwrwxj1+n74g2EdEmNNsI55Js=,lmd87m2Jjq3bObqgFnmJPZcQiyE=
12,23,wUTwrwxj1+n74g2EdEmNNsI55Js=,lmd87m2Jjq3bObqgFnmJPZcQiyE=
5,28,wUTwrwxj1+n74g2EdEmNNsI55Js=,lmd87m2Jjq3bObqgFnmJPZcQiyE=
13,25,wUTwrwxj1+n74g2EdEmNNsI55Js=,lmd87m2Jjq3bObqgFnmJPZcQiyE=
6,28,wUTwrwxj1+n74g2EdEmNNsI55Js=,lmd87m2Jjq3bObqgFnmJPZcQiyE=
13,23,wUTwrwxj1+n74g2EdEmNNsI55Js=,lmd87m2Jjq3bObqgFnmJPZcQiyE=
14,25,wUTwrwxj1+n74g2EdEmNNsI55Js=,lmd87m2Jjq3bObqgFnmJPZcQiyE=
14,23,wUTwrwxj1+n74g2EdEmNNsI55Js=,lmd87m2Jjq3bObqgFnmJPZcQiyE=
5,25,wUTwrwxj1+n74g2EdEmNNsI55Js=,lmd87m2Jjq3bObqgFnmJPZcQiyE=
11,24,wUTwrwxj1+n74g2EdEmNNsI55Js=,lmd87m2Jjq3bObqgFnmJPZcQiyE=
12,26,wUTwrwxj1+n74g2EdEmNNsI55Js=,lmd87m2Jjq3bObqgFnmJPZcQiyE=
13,26,wUTwrwxj1+n74g2EdEmNNsI55Js=,lmd87m2Jjq3bObqgFnmJPZcQiyE=
11,25,wUTwrwxj1+n74g2EdEmNNsI55Js=,lmd87m2Jjq3bObqgFnmJPZcQiyE=
7,24,wUTwrwxj1+n74g2EdEmNNsI55Js=,lmd87m2Jjq3bObqgFnmJPZcQiyE=
6,25,wUTwrwxj1+n74g2EdEmNNsI55Js=,lmd87m2Jjq3bObqgFnmJPZcQiyE=
11,26,wUTwrwxj1+n74g2EdEmNNsI55Js=,lmd87m2Jjq3bObqgFnmJPZcQiyE=
7,25,wUTwrwxj1+n74g2EdEmNNsI55Js=,lmd87m2Jjq3bObqgFnmJPZcQiyE=
4,26,wUTwrwxj1+n74g2EdEmNNsI55Js=,lmd87m2Jjq3bObqgFnmJPZcQiyE=
8,25,wUTwrwxj1+n74g2EdEmNNsI55Js=,lmd87m2Jjq3bObqgFnmJPZcQiyE=
4,24,wUTwrwxj1+n74g2EdEmNNsI55Js=,lmd87m2Jjq3bObqgFnmJPZcQiyE=
12,24,wUTwrwxj1+n74g2EdEmNNsI55Js=,lmd87m2Jjq3bObqgFnmJPZcQiyE=
5,26,wUTwrwxj1+n74g2EdEmNNsI55Js=,lmd87m2Jjq3bObqgFnmJPZcQiyE=
3,26,wUTwrwxj1+n74g2EdEmNNsI55Js=,lmd87m2Jjq3bObqgFnmJPZcQiyE=
13,24,wUTwrwxj1+n74g2EdEmNNsI55Js=,lmd87m2Jjq3bObqgFnmJPZcQiyE=
14,24,wUTwrwxj1+n74g2EdEmNNsI55Js=,lmd87m2Jjq3bObqgFnmJPZcQiyE=
11,23,wUTwrwxj1+n74g2EdEmNNsI55Js=,lmd87m2Jjq3bObqgFnmJPZcQiyE=
14,26,wUTwrwxj1+n74g2EdEmNNsI55Js=,lmd87m2Jjq3bObqgFnmJPZcQiyE=
6,26,wUTwrwxj1+n74g2EdEmNNsI55Js=,lmd87m2Jjq3bObqgFnmJPZcQiyE=
7,26,wUTwrwxj1+n74g2EdEmNNsI55Js=,lmd87m2Jjq3bObqgFnmJPZcQiyE=
5,24,wUTwrwxj1+n74g2EdEmNNsI55Js=,lmd87m2Jjq3bObqgFnmJPZcQiyE=
8,26,wUTwrwxj1+n74g2EdEmNNsI55Js=,lmd87m2Jjq3bObqgFnmJPZcQiyE=
3,25,wUTwrwxj1+n74g2EdEmNNsI55Js=,lmd87m2Jjq3bObqgFnmJPZcQiyE=
8,24,wUTwrwxj1+n74g2EdEmNNsI55Js=,lmd87m2Jjq3bObqgFnmJPZcQiyE=
3,23,wUTwrwxj1+n74g2EdEmNNsI55Js=,lmd87m2Jjq3bObqgFnmJPZcQiyE=
3,24,wUTwrwxj1+n74g2EdEmNNsI55Js=,lmd87m2Jjq3bObqgFnmJPZcQiyE=
6,24,wUTwrwxj1+n74g2EdEmNNsI55Js=,lmd87m2Jjq3bObqgFnmJPZcQiyE=
5,27,wUTwrwxj1+n74g2EdEmNNsI55Js=,lmd87m2Jjq3bObqgFnmJPZcQiyE=
6,27,wUTwrwxj1+n74g2EdEmNNsI55Js=,lmd87m2Jjq3bObqgFnmJPZcQiyE=
1,27,wUTwrwxj1+n74g2EdEmNNsI55Js=,lmd87m2Jjq3bObqgFnmJPZcQiyE=
2,29,wUTwrwxj1+n74g2EdEmNNsI55Js=,lmd87m2Jjq3bObqgFnmJPZcQiyE=
2,28,wUTwrwxj1+n74g2EdEmNNsI55Js=,lmd87m2Jjq3bObqgFnmJPZcQiyE=
3,29,wUTwrwxj1+n74g2EdEmNNsI55Js=,lmd87m2Jjq3bObqgFnmJPZcQiyE=
2,27,wUTwrwxj1+n74g2EdEmNNsI55Js=,lmd87m2Jjq3bObqgFnmJPZcQiyE=
4,28,wUTwrwxj1+n74g2EdEmNNsI55Js=,lmd87m2Jjq3bObqgFnmJPZcQiyE=
3,28,wUTwrwxj1+n74g2EdEmNNsI55Js=,lmd87m2Jjq3bObqgFnmJPZcQiyE=
1,28,wUTwrwxj1+n74g2EdEmNNsI55Js=,lmd87m2Jjq3bObqgFnmJPZcQiyE=
4,29,wUTwrwxj1+n74g2EdEmNNsI55Js=,lmd87m2Jjq3bObqgFnmJPZcQiyE=
2,30,wUTwrwxj1+n74g2EdEmNNsI55Js=,lmd87m2Jjq3bObqgFnmJPZcQiyE=
3,27,wUTwrwxj1+n74g2EdEmNNsI55Js=,lmd87m2Jjq3bObqgFnmJPZcQiyE=
1,30,wUTwrwxj1+n74g2EdEmNNsI55Js=,lmd87m2Jjq3bObqgFnmJPZcQiyE=
4,27,wUTwrwxj1+n74g2EdEmNNsI55Js=,lmd87m2Jjq3bObqgFnmJPZcQiyE=
3,30,wUTwrwxj1+n74g2EdEmNNsI55Js=,lmd87m2Jjq3bObqgFnmJPZcQiyE=
4,30,wUTwrwxj1+n74g2EdEmNNsI55Js=,lmd87m2Jjq3bObqgFnmJPZcQiyE=
1,29,wUTwrwxj1+n74g2EdEmNNsI55Js=,lmd87m2Jjq3bObqgFnmJPZcQiyE=
15,25,wUTwrwxj1+n74g2EdEmNNsI55Js=,lmd87m2Jjq3bObqgFnmJPZcQiyE=
15,26,wUTwrwxj1+n74g2EdEmNNsI55Js=,lmd87m2Jjq3bObqgFnmJPZcQiyE=
0,29,wUTwrwxj1+n74g2EdEmNNsI55Js=,lmd87m2Jjq3bObqgFnmJPZcQiyE=
0,30,wUTwrwxj1+n74g2EdEmNNsI55Js=,lmd87m2Jjq3bObqgFnmJPZcQiyE=
0,27,wUTwrwxj1+n74g2EdEmNNsI55Js=,lmd87m2Jjq3bObqgFnmJPZcQiyE=
0,26,wUTwrwxj1+n74g2EdEmNNsI55Js=,lmd87m2Jjq3bObqgFnmJPZcQiyE=
0,28,wUTwrwxj1+n74g2EdEmNNsI55Js=,lmd87m2Jjq3bObqgFnmJPZcQiyE=
0,25,wUTwrwxj1+n74g2EdEmNNsI55Js=,lmd87m2Jjq3bObqgFnmJPZcQiyE=
0,24,wUTwrwxj1+n74g2EdEmNNsI55Js=,lmd87m2Jjq3bObqgFnmJPZcQiyE=
0,21,wUTwrwxj1+n74g2EdEmNNsI55Js=,lmd87m2Jjq3bObqgFnmJPZcQiyE=
0,22,wUTwrwxj1+n74g2EdEmNNsI55Js=,lmd87m2Jjq3bObqgFnmJPZcQiyE=
0,23,wUTwrwxj1+n74g2EdEmNNsI55Js=,lmd87m2Jjq3bObqgFnmJPZcQiyE=
0,17,wUTwrwxj1+n74g2EdEmNNsI55Js=,lmd87m2Jjq3bObqgFnmJPZcQiyE=
5,31,wUTwrwxj1+n74g2EdEmNNsI55Js=,lmd87m2Jjq3bObqgFnmJPZcQiyE=
0,19,wUTwrwxj1+n74g2EdEmNNsI55Js=,lmd87m2Jjq3bObqgFnmJPZcQiyE=
6,31,wUTwrwxj1+n74g2EdEmNNsI55Js=,lmd87m2Jjq3bObqgFnmJPZcQiyE=
0,18,wUTwrwxj1+n74g2EdEmNNsI55Js=,lmd87m2Jjq3bObqgFnmJPZcQiyE=
0,20,wUTwrwxj1+n74g2EdEmNNsI55Js=,lmd87m2Jjq3bObqgFnmJPZcQiyE=
4,31,wUTwrwxj1+n74g2EdEmNNsI55Js=,lmd87m2Jjq3bObqgFnmJPZcQiyE=
0,31,wUTwrwxj1+n74g2EdEmNNsI55Js=,lmd87m2Jjq3bObqgFnmJPZcQiyE=
1,31,wUTwrwxj1+n74g2EdEmNNsI55Js=,lmd87m2Jjq3bObqgFnmJPZcQiyE=
2,31,wUTwrwxj1+n74g2EdEmNNsI55Js=,lmd87m2Jjq3bObqgFnmJPZcQiyE=
3,31,wUTwrwxj1+n74g2EdEmNNsI55Js=,lmd87m2Jjq3bObqgFnmJPZcQiyE=
15,23,wUTwrwxj1+n74g2EdEmNNsI55Js=,lmd87m2Jjq3bObqgFnmJPZcQiyE=
15,21,wUTwrwxj1+n74g2EdEmNNsI55Js=,lmd87m2Jjq3bObqgFnmJPZcQiyE=
15,24,wUTwrwxj1+n74g2EdEmNNsI55Js=,lmd87m2Jjq3bObqgFnmJPZcQiyE=
15,22,wUTwrwxj1+n74g2EdEmNNsI55Js=,lmd87m2Jjq3bObqgFnmJPZcQiyE=
15,20,wUTwrwxj1+n74g2EdEmNNsI55Js=,lmd87m2Jjq3bObqgFnmJPZcQiyE=
15,17,wUTwrwxj1+n74g2EdEmNNsI55Js=,lmd87m2Jjq3bObqgFnmJPZcQiyE=
15,19,wUTwrwxj1+n74g2EdEmNNsI55Js=,lmd87m2Jjq3bObqgFnmJPZcQiyE=
15,18,wUTwrwxj1+n74g2EdEmNNsI55Js=,lmd87m2Jjq3bObqgFnmJPZcQiyE=
13,16,wUTwrwxj1+n74g2EdEmNNsI55Js=,lmd87m2Jjq3bObqgFnmJPZcQiyE=
14,16,wUTwrwxj1+n74g2EdEmNNsI55Js=,lmd87m2Jjq3bObqgFnmJPZcQiyE=
9,16,wUTwrwxj1+n74g2EdEmNNsI55Js=,lmd87m2Jjq3bObqgFnmJPZcQiyE=
10,16,wUTwrwxj1+n74g2EdEmNNsI55Js=,lmd87m2Jjq3bObqgFnmJPZcQiyE=
11,16,wUTwrwxj1+n74g2EdEmNNsI55Js=,lmd87m2Jjq3bObqgFnmJPZcQiyE=
12,16,wUTwrwxj1+n74g2EdEmNNsI55Js=,lmd87m2Jjq3bObqgFnmJPZcQiyE=
8,31,wUTwrwxj1+n74g2EdEmNNsI55Js=,lmd87m2Jjq3bObqgFnmJPZcQiyE=
8,16,wUTwrwxj1+n74g2EdEmNNsI55Js=,lmd87m2Jjq3bObqgFnmJPZcQiyE=
5,16,wUTwrwxj1+n74g2EdEmNNsI55Js=,lmd87m2Jjq3bObqgFnmJPZcQiyE=
9,31,wUTwrwxj1+n74g2EdEmNNsI55Js=,lmd87m2Jjq3bObqgFnmJPZcQiyE=
6,16,wUTwrwxj1+n74g2EdEmNNsI55Js=,lmd87m2Jjq3bObqgFnmJPZcQiyE=
10,31,wUTwrwxj1+n74g2EdEmNNsI55Js=,lmd87m2Jjq3bObqgFnmJPZcQiyE=
7,28,wUTwrwxj1+n74g2EdEmNNsI55Js=,lmd87m2Jjq3bObqgFnmJPZcQiyE=
7,31,wUTwrwxj1+n74g2EdEmNNsI55Js=,lmd87m2Jjq3bObqgFnmJPZcQiyE=
7,29,wUTwrwxj1+n74g2EdEmNNsI55Js=,lmd87m2Jjq3bObqgFnmJPZcQiyE=
7,16,wUTwrwxj1+n74g2EdEmNNsI55Js=,lmd87m2Jjq3bObqgFnmJPZcQiyE=
3,16,wUTwrwxj1+n74g2EdEmNNsI55Js=,lmd87m2Jjq3bObqgFnmJPZcQiyE=
2,16,wUTwrwxj1+n74g2EdEmNNsI55Js=,lmd87m2Jjq3bObqgFnmJPZcQiyE=
4,16,wUTwrwxj1+n74g2EdEmNNsI55Js=,lmd87m2Jjq3bObqgFnmJPZcQiyE=
1,16,wUTwrwxj1+n74g2EdEmNNsI55Js=,lmd87m2Jjq3bObqgFnmJPZcQiyE=
7,27,wUTwrwxj1+n74g2EdEmNNsI55Js=,lmd87m2Jjq3bObqgFnmJPZcQiyE=
8,27,wUTwrwxj1+n74g2EdEmNNsI55Js=,lmd87m2Jjq3bObqgFnmJPZcQiyE=
9,27,wUTwrwxj1+n74g2EdEmNNsI55Js=,lmd87m2Jjq3bObqgFnmJPZcQiyE=
8,29,wUTwrwxj1+n74g2EdEmNNsI55Js=,lmd87m2Jjq3bObqgFnmJPZcQiyE=
15,16,wUTwrwxj1+n74g2EdEmNNsI55Js=,lmd87m2Jjq3bObqgFnmJPZcQiyE=
0,16,wUTwrwxj1+n74g2EdEmNNsI55Js=,lmd87m2Jjq3bObqgFnmJPZcQiyE=
7,30,wUTwrwxj1+n74g2EdEmNNsI55Js=,lmd87m2Jjq3bObqgFnmJPZcQiyE=
9,30,wUTwrwxj1+n74g2EdEmNNsI55Js=,lmd87m2Jjq3bObqgFnmJPZcQiyE=
8,30,wUTwrwxj1+n74g2EdEmNNsI55Js=,lmd87m2Jjq3bObqgFnmJPZcQiyE=
10,30,wUTwrwxj1+n74g2EdEmNNsI55Js=,lmd87m2Jjq3bObqgFnmJPZcQiyE=
10,28,wUTwrwxj1+n74g2EdEmNNsI55Js=,lmd87m2Jjq3bObqgFnmJPZcQiyE=
9,28,wUTwrwxj1+n74g2EdEmNNsI55Js=,lmd87m2Jjq3bObqgFnmJPZcQiyE=
10,29,wUTwrwxj1+n74g2EdEmNNsI55Js=,lmd87m2Jjq3bObqgFnmJPZcQiyE=
9,29,wUTwrwxj1+n74g2EdEmNNsI55Js=,lmd87m2Jjq3bObqgFnmJPZcQiyE=
10,27,wUTwrwxj1+n74g2EdEmNNsI55Js=,lmd87m2Jjq3bObqgFnmJPZcQiyE=
8,28,wUTwrwxj1+n74g2EdEmNNsI55Js=,lmd87m2Jjq3bObqgFnmJPZcQiyE=
15,28,wUTwrwxj1+n74g2EdEmNNsI55Js=,lmd87m2Jjq3bObqgFnmJPZcQiyE=
14,28,wUTwrwxj1+n74g2EdEmNNsI55Js=,lmd87m2Jjq3bObqgFnmJPZcQiyE=
13,28,wUTwrwxj1+n74g2EdEmNNsI55Js=,lmd87m2Jjq3bObqgFnmJPZcQiyE=
11,31,wUTwrwxj1+n74g2EdEmNNsI55Js=,lmd87m2Jjq3bObqgFnmJPZcQiyE=
12,28,wUTwrwxj1+n74g2EdEmNNsI55Js=,lmd87m2Jjq3bObqgFnmJPZcQiyE=
11,28,wUTwrwxj1+n74g2EdEmNNsI55Js=,lmd87m2Jjq3bObqgFnmJPZcQiyE=
12,29,wUTwrwxj1+n74g2EdEmNNsI55Js=,lmd87m2Jjq3bObqgFnmJPZcQiyE=
11,30,wUTwrwxj1+n74g2EdEmNNsI55Js=,lmd87m2Jjq3bObqgFnmJPZcQiyE=
11,29,wUTwrwxj1+n74g2EdEmNNsI55Js=,lmd87m2Jjq3bObqgFnmJPZcQiyE=
13,29,wUTwrwxj1+n74g2EdEmNNsI55Js=,lmd87m2Jjq3bObqgFnmJPZcQiyE=
11,27,wUTwrwxj1+n74g2EdEmNNsI55Js=,lmd87m2Jjq3bObqgFnmJPZcQiyE=
12,27,wUTwrwxj1+n74g2EdEmNNsI55Js=,lmd87m2Jjq3bObqgFnmJPZcQiyE=
14,31,wUTwrwxj1+n74g2EdEmNNsI55Js=,lmd87m2Jjq3bObqgFnmJPZcQiyE=
14,29,wUTwrwxj1+n74g2EdEmNNsI55Js=,lmd87m2Jjq3bObqgFnmJPZcQiyE=
13,27,wUTwrwxj1+n74g2EdEmNNsI55Js=,lmd87m2Jjq3bObqgFnmJPZcQiyE=
14,27,wUTwrwxj1+n74g2EdEmNNsI55Js=,lmd87m2Jjq3bObqgFnmJPZcQiyE=
15,29,wUTwrwxj1+n74g2EdEmNNsI55Js=,lmd87m2Jjq3bObqgFnmJPZcQiyE=
15,27,wUTwrwxj1+n74g2EdEmNNsI55Js=,lmd87m2Jjq3bObqgFnmJPZcQiyE=
15,30,wUTwrwxj1+n74g2EdEmNNsI55Js=,lmd87m2Jjq3bObqgFnmJPZcQiyE=
12,31,wUTwrwxj1+n74g2EdEmNNsI55Js=,lmd87m2Jjq3bObqgFnmJPZcQiyE=
14,30,wUTwrwxj1+n74g2EdEmNNsI55Js=,lmd87m2Jjq3bObqgFnmJPZcQiyE=
15,31,wUTwrwxj1+n74g2EdEmNNsI55Js=,lmd87m2Jjq3bObqgFnmJPZcQiyE=
13,31,wUTwrwxj1+n74g2EdEmNNsI55Js=,lmd87m2Jjq3bObqgFnmJPZcQiyE=
13,30,wUTwrwxj1+n74g2EdEmNNsI55Js=,lmd87m2Jjq3bObqgFnmJPZcQiyE=
12,30,wUTwrwxj1+n74g2EdEmNNsI55Js=,lmd87m2Jjq3bObqgFnmJPZcQiyE=
25,17,HP+Pr5WTq/uXhq22cGA/wFK3VnQ=,lmd87m2Jjq3bObqgFnmJPZcQiyE=
26,17,ziZHyp+heRnmP8PPznHKpYoIWuk=,lmd87m2Jjq3bObqgFnmJPZcQiyE=
26,18,esPPG/ss1rC3J9LL5KP329z8fOo=,lmd87m2Jjq3bObqgFnmJPZcQiyE=
25,18,esPPG/ss1rC3J9LL5KP329z8fOo=,lmd87m2Jjq3bObqgFnmJPZcQiyE=
21,22,esPPG/ss1rC3J9LL5KP329z8fOo=,lmd87m2Jjq3bObqgFnmJPZcQiyE=
22,22,hv6ezGmiS+v6untuQigHirMvfU8=,lmd87m2Jjq3bObqgFnmJPZcQiyE=
22,21,hv6ezGmiS+v6untuQigHirMvfU8=,lmd87m2Jjq3bObqgFnmJPZcQiyE=
21,21,hv6ezGmiS+v6untuQigHirMvfU8=,lmd87m2Jjq3bObqgFnmJPZcQiyE=
21,19,hv6ezGmiS+v6untuQigHirMvfU8=,lmd87m2Jjq3bObqgFnmJPZcQiyE=
22,20,hv6ezGmiS+v6untuQigHirMvfU8=,lmd87m2Jjq3bObqgFnmJPZcQiyE=
22,19,hv6ezGmiS+v6untuQigHirMvfU8=,lmd87m2Jjq3bObqgFnmJPZcQiyE=
21,17,hv6ezGmiS+v6untuQigHirMvfU8=,lmd87m2Jjq3bObqgFnmJPZcQiyE=
24,17,Ns9qRgdKJMQ6gzqNug2zW5/wD/o=,lmd87m2Jjq3bObqgFnmJPZcQiyE=
22,17,Ns9qRgdKJMQ6gzqNug2zW5/wD/o=,lmd87m2Jjq3bObqgFnmJPZcQiyE=
21,18,9oz43AyKHATe62JalmiZvsTW4L4=,lmd87m2Jjq3bObqgFnmJPZcQiyE=
23,17,9oz43AyKHATe62JalmiZvsTW4L4=,lmd87m2Jjq3bObqgFnmJPZcQiyE=
24,18,9oz43AyKHATe62JalmiZvsTW4L4=,lmd87m2Jjq3bObqgFnmJPZcQiyE=
21,16,9oz43AyKHATe62JalmiZvsTW4L4=,lmd87m2Jjq3bObqgFnmJPZcQiyE=
22,18,9oz43AyKHATe62JalmiZvsTW4L4=,lmd87m2Jjq3bObqgFnmJPZcQiyE=
21,20,e/qGqfpV0YbFA7p2S0u2K2KL3lY=,lmd87m2Jjq3bObqgFnmJPZcQiyE=
23,18,e/qGqfpV0YbFA7p2S0u2K2KL3lY=,lmd87m2Jjq3bObqgFnmJPZcQiyE=
22,16,e/qGqfpV0YbFA7p2S0u2K2KL3lY=,lmd87m2Jjq3bObqgFnmJPZcQiyE=
25,25,e/qGqfpV0YbFA7p2S0u2K2KL3lY=,lmd87m2Jjq3bObqgFnmJPZcQiyE=
26,25,ERSIjtCxa+2DTmStL/Q21DWM7a0=,lmd87m2Jjq3bObqgFnmJPZcQiyE=
25,26,ERSIjtCxa+2DTmStL/Q21DWM7a0=,lmd87m2Jjq3bObqgFnmJPZcQiyE=
26,26,kGn2xX7CHspPAZ2yO8MaGT6dBBU=,lmd87m2Jjq3bObqgFnmJPZcQiyE=
29,21,kGn2xX7CHspPAZ2yO8MaGT6dBBU=,lmd87m2Jjq3bObqgFnmJPZcQiyE=
30,21,kGn2xX7CHspPAZ2yO8MaGT6dBBU=,lmd87m2Jjq3bObqgFnmJPZcQiyE=
29,22,kGn2xX7CHspPAZ2yO8MaGT6dBBU=,lmd87m2Jjq3bObqgFnmJPZcQiyE=
30,22,kGn2xX7CHspPAZ2yO8MaGT6dBBU=,lmd87m2Jjq3bObqgFnmJPZcQiyE=
29,29,kGn2xX7CHspPAZ2yO8MaGT6dBBU=,lmd87m2Jjq3bObqgFnmJPZcQiyE=
30,29,b9vlcinmwCLse7axFg0BtbHclB0=,lmd87m2Jjq3bObqgFnmJPZcQiyE=
29,30,b9vlcinmwCLse7axFg0BtbHclB0=,lmd87m2Jjq3bObqgFnmJPZcQiyE=
21,29,+10lDeeSd22SyXHG5FUR7WPJeOU=,lmd87m2Jjq3bObqgFnmJPZcQiyE=
30,30,+10lDeeSd22SyXHG5FUR7WPJeOU=,lmd87m2Jjq3bObqgFnmJPZcQiyE=
22,29,+10lDeeSd22SyXHG5FUR7WPJeOU=,lmd87m2Jjq3bObqgFnmJPZcQiyE=
21,30,+10lDeeSd22SyXHG5FUR7WPJeOU=,lmd87m2Jjq3bObqgFnmJPZcQiyE=
22,30,+10lDeeSd22SyXHG5FUR7WPJeOU=,lmd87m2Jjq3bObqgFnmJPZcQiyE=
21,28,+10lDeeSd22SyXHG5FUR7WPJeOU=,lmd87m2Jjq3bObqgFnmJPZcQiyE=
22,28,+10lDeeSd22SyXHG5FUR7WPJeOU=,lmd87m2Jjq3bObqgFnmJPZcQiyE=
24,25,+10lDeeSd22SyXHG5FUR7WPJeOU=,lmd87m2Jjq3bObqgFnmJPZcQiyE=
21,23,+10lDeeSd22SyXHG5FUR7WPJeOU=,lmd87m2Jjq3bObqgFnmJPZcQiyE=
22,23,+10lDeeSd22SyXHG5FUR7WPJeOU=,lmd87m2Jjq3bObqgFnmJPZcQiyE=
24,26,+10lDeeSd22SyXHG5FUR7WPJeOU=,lmd87m2Jjq3bObqgFnmJPZcQiyE=
24,21,+10lDeeSd22SyXHG5FUR7WPJeOU=,lmd87m2Jjq3bObqgFnmJPZcQiyE=
24,19,+10lDeeSd22SyXHG5FUR7WPJeOU=,lmd87m2Jjq3bObqgFnmJPZcQiyE=
25,21,+10lDeeSd22SyXHG5FUR7WPJeOU=,lmd87m2Jjq3bObqgFnmJPZcQiyE=
25,19,+10lDeeSd22SyXHG5FUR7WPJeOU=,lmd87m2Jjq3bObqgFnmJPZcQiyE=
23,19,+10lDeeSd22SyXHG5FUR7WPJeOU=,lmd87m2Jjq3bObqgFnmJPZcQiyE=
26,21,+10lDeeSd22SyXHG5FUR7WPJeOU=,lmd87m2Jjq3bObqgFnmJPZcQiyE=
24,24,+10lDeeSd22SyXHG5FUR7WPJeOU=,lmd87m2Jjq3bObqgFnmJPZcQiyE=
25,24,+10lDeeSd22SyXHG5FUR7WPJeOU=,lmd87m2Jjq3bObqgFnmJPZcQiyE=
28,21,+10lDeeSd22SyXHG5FUR7WPJeOU=,lmd87m2Jjq3bObqgFnmJPZcQiyE=
23,21,+10lDeeSd22SyXHG5FUR7WPJeOU=,lmd87m2Jjq3bObqgFnmJPZcQiyE=
27,21,+10lDeeSd22SyXHG5FUR7WPJeOU=,lmd87m2Jjq3bObqgFnmJPZcQiyE=
26,20,+10lDeeSd22SyXHG5FUR7WPJeOU=,lmd87m2Jjq3bObqgFnmJPZcQiyE=
23,20,+10lDeeSd22SyXHG5FUR7WPJeOU=,lmd87m2Jjq3bObqgFnmJPZcQiyE=
25,20,+10lDeeSd22SyXHG5FUR7WPJeOU=,lmd87m2Jjq3bObqgFnmJPZcQiyE=
28,22,+10lDeeSd22SyXHG5FUR7WPJeOU=,lmd87m2Jjq3bObqgFnmJPZcQiyE=
23,23,+10lDeeSd22SyXHG5FUR7WPJeOU=,lmd87m2Jjq3bObqgFnmJPZcQiyE=
24,23,+10lDeeSd22SyXHG5FUR7WPJeOU=,lmd87m2Jjq3bObqgFnmJPZcQiyE=
25,23,+10lDeeSd22SyXHG5FUR7WPJeOU=,lmd87m2Jjq3bObqgFnmJPZcQiyE=
24,22,+10lDeeSd22SyXHG5FUR7WPJeOU=,lmd87m2Jjq3bObqgFnmJPZcQiyE=
23,22,+10lDeeSd22SyXHG5FUR7WPJeOU=,lmd87m2Jjq3bObqgFnmJPZcQiyE=
26,19,+10lDeeSd22SyXHG5FUR7WPJeOU=,lmd87m2Jjq3bObqgFnmJPZcQiyE=
25,22,+10lDeeSd22SyXHG5FUR7WPJeOU=,lmd87m2Jjq3bObqgFnmJPZcQiyE=
26,24,+10lDeeSd22SyXHG5FUR7WPJeOU=,lmd87m2Jjq3bObqgFnmJPZcQiyE=
26,23,+10lDeeSd22SyXHG5FUR7WPJeOU=,lmd87m2Jjq3bObqgFnmJPZcQiyE=
27,22,+10lDeeSd22SyXHG5FUR7WPJeOU=,lmd87m2Jjq3bObqgFnmJPZcQiyE=
26,22,+10lDeeSd22SyXHG5FUR7WPJeOU=,lmd87m2Jjq3bObqgFnmJPZcQiyE=
31,21,+10lDeeSd22SyXHG5FUR7WPJeOU=,lmd87m2Jjq3bObqgFnmJPZcQiyE=
24,20,+10lDeeSd22SyXHG5FUR7WPJeOU=,lmd87m2Jjq3bObqgFnmJPZcQiyE=
31,22,+10lDeeSd22SyXHG5FUR7WPJeOU=,lmd87m2Jjq3bObqgFnmJPZcQiyE=
24,16,+10lDeeSd22SyXHG5FUR7WPJeOU=,lmd87m2Jjq3bObqgFnmJPZcQiyE=
25,16,+10lDeeSd22SyXHG5FUR7WPJeOU=,lmd87m2Jjq3bObqgFnmJPZcQiyE=
23,16,+10lDeeSd22SyXHG5FUR7WPJeOU=,lmd87m2Jjq3bObqgFnmJPZcQiyE=
31,29,+10lDeeSd22SyXHG5FUR7WPJeOU=,lmd87m2Jjq3bObqgFnmJPZcQiyE=
31,30,+10lDeeSd22SyXHG5FUR7WPJeOU=,lmd87m2Jjq3bObqgFnmJPZcQiyE=
26,16,+10lDeeSd22SyXHG5FUR7WPJeOU=,lmd87m2Jjq3bObqgFnmJPZcQiyE=
21,31,+10lDeeSd22SyXHG5FUR7WPJeOU=,lmd87m2Jjq3bObqgFnmJPZcQiyE=
22,31,+10lDeeSd22SyXHG5FUR7WPJeOU=,lmd87m2Jjq3bObqgFnmJPZcQiyE=
24,31,+10lDeeSd22SyXHG5FUR7WPJeOU=,lmd87m2Jjq3bObqgFnmJPZcQiyE=
24,29,+10lDeeSd22SyXHG5FUR7WPJeOU=,lmd87m2Jjq3bObqgFnmJPZcQiyE=
25,29,+10lDeeSd22SyXHG5FUR7WPJeOU=,lmd87m2Jjq3bObqgFnmJPZcQiyE=
23,30,+10lDeeSd22SyXHG5FUR7WPJeOU=,lmd87m2Jjq3bObqgFnmJPZcQiyE=
27,30,+10lDeeSd22SyXHG5FUR7WPJeOU=,lmd87m2Jjq3bObqgFnmJPZcQiyE=
28,30,+10lDeeSd22SyXHG5FUR7WPJeOU=,lmd87m2Jjq3bObqgFnmJPZcQiyE=
26,28,+10lDeeSd22SyXHG5FUR7WPJeOU=,lmd87m2Jjq3bObqgFnmJPZcQiyE=
25,28,+10lDeeSd22SyXHG5FUR7WPJeOU=,lmd87m2Jjq3bObqgFnmJPZcQiyE=
23,29,+10lDeeSd22SyXHG5FUR7WPJeOU=,lmd87m2Jjq3bObqgFnmJPZcQiyE=
25,30,+10lDeeSd22SyXHG5FUR7WPJeOU=,lmd87m2Jjq3bObqgFnmJPZcQiyE=
24,28,+10lDeeSd22SyXHG5FUR7WPJeOU=,lmd87m2Jjq3bObqgFnmJPZcQiyE=
24,30,+10lDeeSd22SyXHG5FUR7WPJeOU=,lmd87m2Jjq3bObqgFnmJPZcQiyE=
26,27,+10lDeeSd22SyXHG5FUR7WPJeOU=,lmd87m2Jjq3bObqgFnmJPZcQiyE=
25,27,+10lDeeSd22SyXHG5FUR7WPJeOU=,lmd87m2Jjq3bObqgFnmJPZcQiyE=
26,30,+10lDeeSd22SyXHG5FUR7WPJeOU=,lmd87m2Jjq3bObqgFnmJPZcQiyE=
28,29,+10lDeeSd22SyXHG5FUR7WPJeOU=,lmd87m2Jjq3bObqgFnmJPZcQiyE=
23,28,+10lDeeSd22SyXHG5FUR7WPJeOU=,lmd87m2Jjq3bObqgFnmJPZcQiyE=
27,29,+10lDeeSd22SyXHG5FUR7WPJeOU=,lmd87m2Jjq3bObqgFnmJPZcQiyE=
26,29,+10lDeeSd22SyXHG5FUR7WPJeOU=,lmd87m2Jjq3bObqgFnmJPZcQiyE=
26,31,+10lDeeSd22SyXHG5FUR7WPJeOU=,lmd87m2Jjq3bObqgFnmJPZcQiyE=
24,27,+10lDeeSd22SyXHG5FUR7WPJeOU=,lmd87m2Jjq3bObqgFnmJPZcQiyE=
25,31,+10lDeeSd22SyXHG5FUR7WPJeOU=,lmd87m2Jjq3bObqgFnmJPZcQiyE=
23,31,+10lDeeSd22SyXHG5FUR7WPJeOU=,lmd87m2Jjq3bObqgFnmJPZcQiyE=
18,21,+10lDeeSd22SyXHG5FUR7WPJeOU=,lmd87m2Jjq3bObqgFnmJPZcQiyE=
20,22,+10lDeeSd22SyXHG5FUR7WPJeOU=,lmd87m2Jjq3bObqgFnmJPZcQiyE=
19,21,+10lDeeSd22SyXHG5FUR7WPJeOU=,lmd87m2Jjq3bObqgFnmJPZcQiyE=
20,21,+10lDeeSd22SyXHG5FUR7WPJeOU=,lmd87m2Jjq3bObqgFnmJPZcQiyE=
17,22,+10lDeeSd22SyXHG5FUR7WPJeOU=,lmd87m2Jjq3bObqgFnmJPZcQiyE=
20,23,+10lDeeSd22SyXHG5FUR7WPJeOU=,lmd87m2Jjq3bObqgFnmJPZcQiyE=
17,23,+10lDeeSd22SyXHG5FUR7WPJeOU=,lmd87m2Jjq3bObqgFnmJPZcQiyE=
18,23,+10lDeeSd22SyXHG5FUR7WPJeOU=,lmd87m2Jjq3bObqgFnmJPZcQiyE=
19,23,+10lDeeSd22SyXHG5FUR7WPJeOU=,lmd87m2Jjq3bObqgFnmJPZcQiyE=
17,21,+10lDeeSd22SyXHG5FUR7WPJeOU=,lmd87m2Jjq3bObqgFnmJPZcQiyE=
19,22,+10lDeeSd22SyXHG5FUR7WPJeOU=,lmd87m2Jjq3bObqgFnmJPZcQiyE=
18,22,+10lDeeSd22SyXHG5FUR7WPJeOU=,lmd87m2Jjq3bObqgFnmJPZcQiyE=
27,18,+10lDeeSd22SyXHG5FUR7WPJeOU=,lmd87m2Jjq3bObqgFnmJPZcQiyE=
28,19,+10lDeeSd22SyXHG5FUR7WPJeOU=,lmd87m2Jjq3bObqgFnmJPZcQiyE=
29,19,+10lDeeSd22SyXHG5FUR7WPJeOU=,lmd87m2Jjq3bObqgFnmJPZcQiyE=
31,20,+10lDeeSd22SyXHG5FUR7WPJeOU=,lmd87m2Jjq3bObqgFnmJPZcQiyE=
31,16,+10lDeeSd22SyXHG5FUR7WPJeOU=,lmd87m2Jjq3bObqgFnmJPZcQiyE=
27,20,+10lDeeSd22SyXHG5FUR7WPJeOU=,lmd87m2Jjq3bObqgFnmJPZcQiyE=
30,20,+10lDeeSd22SyXHG5FUR7WPJeOU=,lmd87m2Jjq3bObqgFnmJPZcQiyE=
30,19,+10lDeeSd22SyXHG5FUR7WPJeOU=,lmd87m2Jjq3bObqgFnmJPZcQiyE=
28,17,+10lDeeSd22SyXHG5FUR7WPJeOU=,lmd87m2Jjq3bObqgFnmJPZcQiyE=
31,18,+10lDeeSd22SyXHG5FUR7WPJeOU=,lmd87m2Jjq3bObqgFnmJPZcQiyE=
29,17,+10lDeeSd22SyXHG5FUR7WPJeOU=,lmd87m2Jjq3bObqgFnmJPZcQiyE=
30,17,+10lDeeSd22SyXHG5FUR7WPJeOU=,lmd87m2Jjq3bObqgFnmJPZcQiyE=
27,19,+10lDeeSd22SyXHG5FUR7WPJeOU=,lmd87m2Jjq3bObqgFnmJPZcQiyE=
29,20,+10lDeeSd22SyXHG5FUR7WPJeOU=,lmd87m2Jjq3bObqgFnmJPZcQiyE=
28,20,+10lDeeSd22SyXHG5FUR7WPJeOU=,lmd87m2Jjq3bObqgFnmJPZcQiyE=
30,16,+10lDeeSd22SyXHG5FUR7WPJeOU=,lmd87m2Jjq3bObqgFnmJPZcQiyE=
27,17,+10lDeeSd22SyXHG5FUR7WPJeOU=,lmd87m2Jjq3bObqgFnmJPZcQiyE=
31,19,+10lDeeSd22SyXHG5FUR7WPJeOU=,lmd87m2Jjq3bObqgFnmJPZcQiyE=
30,18,+10lDeeSd22SyXHG5FUR7WPJeOU=,lmd87m2Jjq3bObqgFnmJPZcQiyE=
28,16,+10lDeeSd22SyXHG5FUR7WPJeOU=,lmd87m2Jjq3bObqgFnmJPZcQiyE=
29,18,+10lDeeSd22SyXHG5FUR7WPJeOU=,lmd87m2Jjq3bObqgFnmJPZcQiyE=
28,18,+10lDeeSd22SyXHG5FUR7WPJeOU=,lmd87m2Jjq3bObqgFnmJPZcQiyE=
31,17,+10lDeeSd22SyXHG5FUR7WPJeOU=,lmd87m2Jjq3bObqgFnmJPZcQiyE=
29,16,+10lDeeSd22SyXHG5FUR7WPJeOU=,lmd87m2Jjq3bObqgFnmJPZcQiyE=
27,16,+10lDeeSd22SyXHG5FUR7WPJeOU=,lmd87m2Jjq3bObqgFnmJPZcQiyE=
16,21,+10lDeeSd22SyXHG5FUR7WPJeOU=,lmd87m2Jjq3bObqgFnmJPZcQiyE=
16,23,+10lDeeSd22SyXHG5FUR7WPJeOU=,lmd87m2Jjq3bObqgFnmJPZcQiyE=
16,22,+10lDeeSd22SyXHG5FUR7WPJeOU=,lmd87m2Jjq3bObqgFnmJPZcQiyE=
28,31,+10lDeeSd22SyXHG5FUR7WPJeOU=,lmd87m2Jjq3bObqgFnmJPZcQiyE=
29,31,+10lDeeSd22SyXHG5FUR7WPJeOU=,lmd87m2Jjq3bObqgFnmJPZcQiyE=
30,31,+10lDeeSd22SyXHG5FUR7WPJeOU=,lmd87m2Jjq3bObqgFnmJPZcQiyE=
27,31,+10lDeeSd22SyXHG5FUR7WPJeOU=,lmd87m2Jjq3bObqgFnmJPZcQiyE=
31,31,+10lDeeSd22SyXHG5FUR7WPJeOU=,lmd87m2Jjq3bObqgFnmJPZcQiyE=
28,27,+10lDeeSd22SyXHG5FUR7WPJeOU=,lmd87m2Jjq3bObqgFnmJPZcQiyE=
31,28,+10lDeeSd22SyXHG5FUR7WPJeOU=,lmd87m2Jjq3bObqgFnmJPZcQiyE=
27,26,+10lDeeSd22SyXHG5FUR7WPJeOU=,lmd87m2Jjq3bObqgFnmJPZcQiyE=
30,28,+10lDeeSd22SyXHG5FUR7WPJeOU=,lmd87m2Jjq3bObqgFnmJPZcQiyE=
28,23,+10lDeeSd22SyXHG5FUR7WPJeOU=,lmd87m2Jjq3bObqgFnmJPZcQiyE=
29,23,+10lDeeSd22SyXHG5FUR7WPJeOU=,lmd87m2Jjq3bObqgFnmJPZcQiyE=
29,28,+10lDeeSd22SyXHG5FUR7WPJeOU=,lmd87m2Jjq3bObqgFnmJPZcQiyE=
27,28,+10lDeeSd22SyXHG5FUR7WPJeOU=,lmd87m2Jjq3bObqgFnmJPZcQiyE=
31,26,+10lDeeSd22SyXHG5FUR7WPJeOU=,lmd87m2Jjq3bObqgFnmJPZcQiyE=
29,27,+10lDeeSd22SyXHG5FUR7WPJeOU=,lmd87m2Jjq3bObqgFnmJPZcQiyE=
27,24,+10lDeeSd22SyXHG5FUR7WPJeOU=,lmd87m2Jjq3bObqgFnmJPZcQiyE=
28,28,+10lDeeSd22SyXHG5FUR7WPJeOU=,lmd87m2Jjq3bObqgFnmJPZcQiyE=
31,27,+10lDeeSd22SyXHG5FUR7WPJeOU=,lmd87m2Jjq3bObqgFnmJPZcQiyE=
28,24,+10lDeeSd22SyXHG5FUR7WPJeOU=,lmd87m2Jjq3bObqgFnmJPZcQiyE=
30,23,+10lDeeSd22SyXHG5FUR7WPJeOU=,lmd87m2Jjq3bObqgFnmJPZcQiyE=
30,26,+10lDeeSd22SyXHG5FUR7WPJeOU=,lmd87m2Jjq3bObqgFnmJPZcQiyE=
30,24,+10lDeeSd22SyXHG5FUR7WPJeOU=,lmd87m2Jjq3bObqgFnmJPZcQiyE=
29,24,+10lDeeSd22SyXHG5FUR7WPJeOU=,lmd87m2Jjq3bObqgFnmJPZcQiyE=
31,24,+10lDeeSd22SyXHG5FUR7WPJeOU=,lmd87m2Jjq3bObqgFnmJPZcQiyE=
27,27,+10lDeeSd22SyXHG5FUR7WPJeOU=,lmd87m2Jjq3bObqgFnmJPZcQiyE=
30,27,+10lDeeSd22SyXHG5FUR7WPJeOU=,lmd87m2Jjq3bObqgFnmJPZcQiyE=
31,23,+10lDeeSd22SyXHG5FUR7WPJeOU=,lmd87m2Jjq3bObqgFnmJPZcQiyE=
27,25,+10lDeeSd22SyXHG5FUR7WPJeOU=,lmd87m2Jjq3bObqgFnmJPZcQiyE=
28,25,+10lDeeSd22SyXHG5FUR7WPJeOU=,lmd87m2Jjq3bObqgFnmJPZcQiyE=
29,26,+10lDeeSd22SyXHG5FUR7WPJeOU=,lmd87m2Jjq3bObqgFnmJPZcQiyE=
27,23,+10lDeeSd22SyXHG5FUR7WPJeOU=,lmd87m2Jjq3bObqgFnmJPZcQiyE=
28,26,+10lDeeSd22SyXHG5FUR7WPJeOU=,lmd87m2Jjq3bObqgFnmJPZcQiyE=
31,25,+10lDeeSd22SyXHG5FUR7WPJeOU=,lmd87m2Jjq3bObqgFnmJPZcQiyE=
29,25,+10lDeeSd22SyXHG5FUR7WPJeOU=,lmd87m2Jjq3bObqgFnmJPZcQiyE=
30,25,+10lDeeSd22SyXHG5FUR7WPJeOU=,lmd87m2Jjq3bObqgFnmJPZcQiyE=
20,31,+10lDeeSd22SyXHG5FUR7WPJeOU=,lmd87m2Jjq3bObqgFnmJPZcQiyE=
18,30,+10lDeeSd22SyXHG5FUR7WPJeOU=,lmd87m2Jjq3bObqgFnmJPZcQiyE=
19,30,+10lDeeSd22SyXHG5FUR7WPJeOU=,lmd87m2Jjq3bObqgFnmJPZcQiyE=
16,31,+10lDeeSd22SyXHG5FUR7WPJeOU=,lmd87m2Jjq3bObqgFnmJPZcQiyE=
20,28,+10lDeeSd22SyXHG5FUR7WPJeOU=,lmd87m2Jjq3bObqgFnmJPZcQiyE=
20,29,+10lDeeSd22SyXHG5FUR7WPJeOU=,lmd87m2Jjq3bObqgFnmJPZcQiyE=
17,28,+10lDeeSd22SyXHG5FUR7WPJeOU=,lmd87m2Jjq3bObqgFnmJPZcQiyE=
18,29,+10lDeeSd22SyXHG5FUR7WPJeOU=,lmd87m2Jjq3bObqgFnmJPZcQiyE=
19,28,+10lDeeSd22SyXHG5FUR7WPJeOU=,lmd87m2Jjq3bObqgFnmJPZcQiyE=
18,28,+10lDeeSd22SyXHG5FUR7WPJeOU=,lmd87m2Jjq3bObqgFnmJPZcQiyE=
17,31,+10lDeeSd22SyXHG5FUR7WPJeOU=,lmd87m2Jjq3bObqgFnmJPZcQiyE=
16,30,+10lDeeSd22SyXHG5FUR7WPJeOU=,lmd87m2Jjq3bObqgFnmJPZcQiyE=
16,29,+10lDeeSd22SyXHG5FUR7WPJeOU=,lmd87m2Jjq3bObqgFnmJPZcQiyE=
19,29,+10lDeeSd22SyXHG5FUR7WPJeOU=,lmd87m2Jjq3bObqgFnmJPZcQiyE=
17,29,+10lDeeSd22SyXHG5FUR7WPJeOU=,lmd87m2Jjq3bObqgFnmJPZcQiyE=
18,31,+10lDeeSd22SyXHG5FUR7WPJeOU=,lmd87m2Jjq3bObqgFnmJPZcQiyE=
16,28,+10lDeeSd22SyXHG5FUR7WPJeOU=,lmd87m2Jjq3bObqgFnmJPZcQiyE=
17,30,+10lDeeSd22SyXHG5FUR7WPJeOU=,lmd87m2Jjq3bObqgFnmJPZcQiyE=
19,31,+10lDeeSd22SyXHG5FUR7WPJeOU=,lmd87m2Jjq3bObqgFnmJPZcQiyE=
20,19,+10lDeeSd22SyXHG5FUR7WPJeOU=,lmd87m2Jjq3bObqgFnmJPZcQiyE=
20,30,+10lDeeSd22SyXHG5FUR7WPJeOU=,lmd87m2Jjq3bObqgFnmJPZcQiyE=
19,20,+10lDeeSd22SyXHG5FUR7WPJeOU=,lmd87m2Jjq3bObqgFnmJPZcQiyE=
16,18,+10lDeeSd22SyXHG5FUR7WPJeOU=,lmd87m2Jjq3bObqgFnmJPZcQiyE=
17,20,+10lDeeSd22SyXHG5FUR7WPJeOU=,lmd87m2Jjq3bObqgFnmJPZcQiyE=
19,19,+10lDeeSd22SyXHG5FUR7WPJeOU=,lmd87m2Jjq3bObqgFnmJPZcQiyE=
19,16,+10lDeeSd22SyXHG5FUR7WPJeOU=,lmd87m2Jjq3bObqgFnmJPZcQiyE=
16,16,+10lDeeSd22SyXHG5FUR7WPJeOU=,lmd87m2Jjq3bObqgFnmJPZcQiyE=
16,19,+10lDeeSd22SyXHG5FUR7WPJeOU=,lmd87m2Jjq3bObqgFnmJPZcQiyE=
20,18,+10lDeeSd22SyXHG5FUR7WPJeOU=,lmd87m2Jjq3bObqgFnmJPZcQiyE=
20,20,+10lDeeSd22SyXHG5FUR7WPJeOU=,lmd87m2Jjq3bObqgFnmJPZcQiyE=
20,16,+10lDeeSd22SyXHG5FUR7WPJeOU=,lmd87m2Jjq3bObqgFnmJPZcQiyE=
17,18,+10lDeeSd22SyXHG5FUR7WPJeOU=,lmd87m2Jjq3bObqgFnmJPZcQiyE=
19,18,+10lDeeSd22SyXHG5FUR7WPJeOU=,lmd87m2Jjq3bObqgFnmJPZcQiyE=
17,17,+10lDeeSd22SyXHG5FUR7WPJeOU=,lmd87m2Jjq3bObqgFnmJPZcQiyE=
19,17,+10lDeeSd22SyXHG5FUR7WPJeOU=,lmd87m2Jjq3bObqgFnmJPZcQiyE=
18,16,+10lDeeSd22SyXHG5FUR7WPJeOU=,lmd87m2Jjq3bObqgFnmJPZcQiyE=
20,17,+10lDeeSd22SyXHG5FUR7WPJeOU=,lmd87m2Jjq3bObqgFnmJPZcQiyE=
18,19,+10lDeeSd22SyXHG5FUR7WPJeOU=,lmd87m2Jjq3bObqgFnmJPZcQiyE=
18,20,+10lDeeSd22SyXHG5FUR7WPJeOU=,lmd87m2Jjq3bObqgFnmJPZcQiyE=
17,16,+10lDeeSd22SyXHG5FUR7WPJeOU=,lmd87m2Jjq3bObqgFnmJPZcQiyE=
16,20,+10lDeeSd22SyXHG5FUR7WPJeOU=,lmd87m2Jjq3bObqgFnmJPZcQiyE=
17,19,+10lDeeSd22SyXHG5FUR7WPJeOU=,lmd87m2Jjq3bObqgFnmJPZcQiyE=
18,17,+10lDeeSd22SyXHG5FUR7WPJeOU=,lmd87m2Jjq3bObqgFnmJPZcQiyE=
16,17,+10lDeeSd22SyXHG5FUR7WPJeOU=,lmd87m2Jjq3bObqgFnmJPZcQiyE=
18,18,+10lDeeSd22SyXHG5FUR7WPJeOU=,lmd87m2Jjq3bObqgFnmJPZcQiyE=
22,6,+10lDeeSd22SyXHG5FUR7WPJeOU=,lmd87m2Jjq3bObqgFnmJPZcQiyE=
21,6,+10lDeeSd22SyXHG5FUR7WPJeOU=,lmd87m2Jjq3bObqgFnmJPZcQiyE=
21,5,+10lDeeSd22SyXHG5FUR7WPJeOU=,lmd87m2Jjq3bObqgFnmJPZcQiyE=
22,5,+10lDeeSd22SyXHG5FUR7WPJeOU=,lmd87m2Jjq3bObqgFnmJPZcQiyE=
30,6,9qSis6U2jM0EOJMAL8PWOjWpmMc=,lmd87m2Jjq3bObqgFnmJPZcQiyE=
29,6,9qSis6U2jM0EOJMAL8PWOjWpmMc=,lmd87m2Jjq3bObqgFnmJPZcQiyE=
30,5,9qSis6U2jM0EOJMAL8PWOjWpmMc=,lmd87m2Jjq3bObqgFnmJPZcQiyE=
29,5,jtcMtO7RNqVdGSzRriLcTE0wPxM=,lmd87m2Jjq3bObqgFnmJPZcQiyE=
23,6,jtcMtO7RNqVdGSzRriLcTE0wPxM=,lmd87m2Jjq3bObqgFnmJPZcQiyE=
26,6,jtcMtO7RNqVdGSzRriLcTE0wPxM=,lmd87m2Jjq3bObqgFnmJPZcQiyE=
27,6,jtcMtO7RNqVdGSzRriLcTE0wPxM=,lmd87m2Jjq3bObqgFnmJPZcQiyE=
24,5,jtcMtO7RNqVdGSzRriLcTE0wPxM=,lmd87m2Jjq3bObqgFnmJPZcQiyE=
25,6,jtcMtO7RNqVdGSzRriLcTE0wPxM=,lmd87m2Jjq3bObqgFnmJPZcQiyE=
23,5,jtcMtO7RNqVdGSzRriLcTE0wPxM=,lmd87m2Jjq3bObqgFnmJPZcQiyE=
28,6,xbfH3P7IXBnk7vcaOwOrX970B0c=,lmd87m2Jjq3bObqgFnmJPZcQiyE=
24,6,xbfH3P7IXBnk7vcaOwOrX970B0c=,lmd87m2Jjq3bObqgFnmJPZcQiyE=
25,5,xbfH3P7IXBnk7vcaOwOrX970B0c=,lmd87m2Jjq3bObqgFnmJPZcQiyE=
26,5,/2mgLAjtYq+g/apseSOZ9B8QQfQ=,lmd87m2Jjq3bObqgFnmJPZcQiyE=
28,5,j20/uflxLD6xtVDc8jnYbeR3h+A=,lmd87m2Jjq3bObqgFnmJPZcQiyE=
27,5,j20/uflxLD6xtVDc8jnYbeR3h+A=,lmd87m2Jjq3bObqgFnmJPZcQiyE=
18,2,j20/uflxLD6xtVDc8jnYbeR3h+A=,lmd87m2Jjq3bObqgFnmJPZcQiyE=
17,2,j20/uflxLD6xtVDc8jnYbeR3h+A=,lmd87m2Jjq3bObqgFnmJPZcQiyE=
19,1,j20/uflxLD6xtVDc8jnYbeR3h+A=,lmd87m2Jjq3bObqgFnmJPZcQiyE=
17,1,j20/uflxLD6xtVDc8jnYbeR3h+A=,lmd87m2Jjq3bObqgFnmJPZcQiyE=
18,1,j20/uflxLD6xtVDc8jnYbeR3h+A=,lmd87m2Jjq3bObqgFnmJPZcQiyE=
22,0,+bj/EtLNCuU0poLiQM3BPgx9Lf8=,lmd87m2Jjq3bObqgFnmJPZcQiyE=
22,4,+bj/EtLNCuU0poLiQM3BPgx9Lf8=,lmd87m2Jjq3bObqgFnmJPZcQiyE=
20,1,VVXdhqVef0F776cfEZOt0RFzF1w=,lmd87m2Jjq3bObqgFnmJPZcQiyE=
21,1,VVXdhqVef0F776cfEZOt0RFzF1w=,lmd87m2Jjq3bObqgFnmJPZcQiyE=
20,2,VVXdhqVef0F776cfEZOt0RFzF1w=,lmd87m2Jjq3bObqgFnmJPZcQiyE=
22,3,8exfEVYUIUFedjjhpBCM1MYG570=,lmd87m2Jjq3bObqgFnmJPZcQiyE=
21,2,8exfEVYUIUFedjjhpBCM1MYG570=,lmd87m2Jjq3bObqgFnmJPZcQiyE=
22,2,Ldv9J8ulc2/FxSpIHH6yMob3LnI=,lmd87m2Jjq3bObqgFnmJPZcQiyE=
19,2,Ldv9J8ulc2/FxSpIHH6yMob3LnI=,lmd87m2Jjq3bObqgFnmJPZcQiyE=
21,4,Ldv9J8ulc2/FxSpIHH6yMob3LnI=,lmd87m2Jjq3bObqgFnmJPZcQiyE=
21,3,Ldv9J8ulc2/FxSpIHH6yMob3LnI=,lmd87m2Jjq3bObqgFnmJPZcQiyE=
21,0,Ldv9J8ulc2/FxSpIHH6yMob3LnI=,lmd87m2Jjq3bObqgFnmJPZcQiyE=
22,1,Ldv9J8ulc2/FxSpIHH6yMob3LnI=,lmd87m2Jjq3bObqgFnmJPZcQiyE=
29,7,Ldv9J8ulc2/FxSpIHH6yMob3LnI=,lmd87m2Jjq3bObqgFnmJPZcQiyE=
30,7,Ldv9J8ulc2/FxSpIHH6yMob3LnI=,lmd87m2Jjq3bObqgFnmJPZcQiyE=
31,6,Ldv9J8ulc2/FxSpIHH6yMob3LnI=,lmd87m2Jjq3bObqgFnmJPZcQiyE=
31,7,Ldv9J8ulc2/FxSpIHH6yMob3LnI=,lmd87m2Jjq3bObqgFnmJPZcQiyE=
31,5,Ldv9J8ulc2/FxSpIHH6yMob3LnI=,lmd87m2Jjq3bObqgFnmJPZcQiyE=
26,4,Ldv9J8ulc2/FxSpIHH6yMob3LnI=,lmd87m2Jjq3bObqgFnmJPZcQiyE=
23,0,Ldv9J8ulc2/FxSpIHH6yMob3LnI=,lmd87m2Jjq3bObqgFnmJPZcQiyE=
26,0,Ldv9J8ulc2/FxSpIHH6yMob3LnI=,lmd87m2Jjq3bObqgFnmJPZcQiyE=
24,1,Ldv9J8ulc2/FxSpIHH6yMob3LnI=,lmd87m2Jjq3bObqgFnmJPZcQiyE=
25,1,Ldv9J8ulc2/FxSpIHH6yMob3LnI=,lmd87m2Jjq3bObqgFnmJPZcQiyE=
26,1,Ldv9J8ulc2/FxSpIHH6yMob3LnI=,lmd87m2Jjq3bObqgFnmJPZcQiyE=
25,0,Ldv9J8ulc2/FxSpIHH6yMob3LnI=,lmd87m2Jjq3bObqgFnmJPZcQiyE=
23,4,Ldv9J8ulc2/FxSpIHH6yMob3LnI=,lmd87m2Jjq3bObqgFnmJPZcQiyE=
23,3,Ldv9J8ulc2/FxSpIHH6yMob3LnI=,lmd87m2Jjq3bObqgFnmJPZcQiyE=
24,2,Ldv9J8ulc2/FxSpIHH6yMob3LnI=,lmd87m2Jjq3bObqgFnmJPZcQiyE=
24,4,Ldv9J8ulc2/FxSpIHH6yMob3LnI=,lmd87m2Jjq3bObqgFnmJPZcQiyE=
25,4,Ldv9J8ulc2/FxSpIHH6yMob3LnI=,lmd87m2Jjq3bObqgFnmJPZcQiyE=
23,2,Ldv9J8ulc2/FxSpIHH6yMob3LnI=,lmd87m2Jjq3bObqgFnmJPZcQiyE=
26,3,Ldv9J8ulc2/FxSpIHH6yMob3LnI=,lmd87m2Jjq3bObqgFnmJPZcQiyE=
24,0,Ldv9J8ulc2/FxSpIHH6yMob3LnI=,lmd87m2Jjq3bObqgFnmJPZcQiyE=
25,3,Ldv9J8ulc2/FxSpIHH6yMob3LnI=,lmd87m2Jjq3bObqgFnmJPZcQiyE=
23,1,Ldv9J8ulc2/FxSpIHH6yMob3LnI=,lmd87m2Jjq3bObqgFnmJPZcQiyE=
24,3,Ldv9J8ulc2/FxSpIHH6yMob3LnI=,lmd87m2Jjq3bObqgFnmJPZcQiyE=
25,2,Ldv9J8ulc2/FxSpIHH6yMob3LnI=,lmd87m2Jjq3bObqgFnmJPZcQiyE=
26,2,Ldv9J8ulc2/FxSpIHH6yMob3LnI=,lmd87m2Jjq3bObqgFnmJPZcQiyE=
22,10,Ldv9J8ulc2/FxSpIHH6yMob3LnI=,lmd87m2Jjq3bObqgFnmJPZcQiyE=
21,7,Ldv9J8ulc2/FxSpIHH6yMob3LnI=,lmd87m2Jjq3bObqgFnmJPZcQiyE=
22,7,Ldv9J8ulc2/FxSpIHH6yMob3LnI=,lmd87m2Jjq3bObqgFnmJPZcQiyE=
21,8,Ldv9J8ulc2/FxSpIHH6yMob3LnI=,lmd87m2Jjq3bObqgFnmJPZcQiyE=
22,8,Ldv9J8ulc2/FxSpIHH6yMob3LnI=,lmd87m2Jjq3bObqgFnmJPZcQiyE=
21,9,Ldv9J8ulc2/FxSpIHH6yMob3LnI=,lmd87m2Jjq3bObqgFnmJPZcQiyE=
22,9,Ldv9J8ulc2/FxSpIHH6yMob3LnI=,lmd87m2Jjq3bObqgFnmJPZcQiyE=
21,10,Ldv9J8ulc2/FxSpIHH6yMob3LnI=,lmd87m2Jjq3bObqgFnmJPZcQiyE=
17,13,Ldv9J8ulc2/FxSpIHH6yMob3LnI=,lmd87m2Jjq3bObqgFnmJPZcQiyE=
18,13,Ldv9J8ulc2/FxSpIHH6yMob3LnI=,lmd87m2Jjq3bObqgFnmJPZcQiyE=
17,14,Ldv9J8ulc2/FxSpIHH6yMob3LnI=,lmd87m2Jjq3bObqgFnmJPZcQiyE=
18,14,Ldv9J8ulc2/FxSpIHH6yMob3LnI=,lmd87m2Jjq3bObqgFnmJPZcQiyE=
30,2,Ldv9J8ulc2/FxSpIHH6yMob3LnI=,lmd87m2Jjq3bObqgFnmJPZcQiyE=
31,2,Ldv9J8ulc2/FxSpIHH6yMob3LnI=,lmd87m2Jjq3bObqgFnmJPZcQiyE=
27,3,Ldv9J8ulc2/FxSpIHH6yMob3LnI=,lmd87m2Jjq3bObqgFnmJPZcQiyE=
28,3,Ldv9J8ulc2/FxSpIHH6yMob3LnI=,lmd87m2Jjq3bObqgFnmJPZcQiyE=
28,0,Ldv9J8ulc2/FxSpIHH6yMob3LnI=,lmd87m2Jjq3bObqgFnmJPZcQiyE=
29,0,Ldv9J8ulc2/FxSpIHH6yMob3LnI=,lmd87m2Jjq3bObqgFnmJPZcQiyE=
27,2,Ldv9J8ulc2/FxSpIHH6yMob3LnI=,lmd87m2Jjq3bObqgFnmJPZcQiyE=
28,2,Ldv9J8ulc2/FxSpIHH6yMob3LnI=,lmd87m2Jjq3bObqgFnmJPZcQiyE=
29,2,Ldv9J8ulc2/FxSpIHH6yMob3LnI=,lmd87m2Jjq3bObqgFnmJPZcQiyE=
31,1,Ldv9J8ulc2/FxSpIHH6yMob3LnI=,lmd87m2Jjq3bObqgFnmJPZcQiyE=
30,4,Ldv9J8ulc2/FxSpIHH6yMob3LnI=,lmd87m2Jjq3bObqgFnmJPZcQiyE=
31,4,Ldv9J8ulc2/FxSpIHH6yMob3LnI=,lmd87m2Jjq3bObqgFnmJPZcQiyE=
31,3,Ldv9J8ulc2/FxSpIHH6yMob3LnI=,lmd87m2Jjq3bObqgFnmJPZcQiyE=
29,4,Ldv9J8ulc2/FxSpIHH6yMob3LnI=,lmd87m2Jjq3bObqgFnmJPZcQiyE=
27,4,Ldv9J8ulc2/FxSpIHH6yMob3LnI=,lmd87m2Jjq3bObqgFnmJPZcQiyE=
30,1,Ldv9J8ulc2/FxSpIHH6yMob3LnI=,lmd87m2Jjq3bObqgFnmJPZcQiyE=
29,1,Ldv9J8ulc2/FxSpIHH6yMob3LnI=,lmd87m2Jjq3bObqgFnmJPZcQiyE=
27,1,Ldv9J8ulc2/FxSpIHH6yMob3LnI=,lmd87m2Jjq3bObqgFnmJPZcQiyE=
30,0,Ldv9J8ulc2/FxSpIHH6yMob3LnI=,lmd87m2Jjq3bObqgFnmJPZcQiyE=
30,3,Ldv9J8ulc2/FxSpIHH6yMob3LnI=,lmd87m2Jjq3bObqgFnmJPZcQiyE=
27,0,Ldv9J8ulc2/FxSpIHH6yMob3LnI=,lmd87m2Jjq3bObqgFnmJPZcQiyE=
28,1,Ldv9J8ulc2/FxSpIHH6yMob3LnI=,lmd87m2Jjq3bObqgFnmJPZcQiyE=
28,4,Ldv9J8ulc2/FxSpIHH6yMob3LnI=,lmd87m2Jjq3bObqgFnmJPZcQiyE=
18,3,Ldv9J8ulc2/FxSpIHH6yMob3LnI=,lmd87m2Jjq3bObqgFnmJPZcQiyE=
20,4,Ldv9J8ulc2/FxSpIHH6yMob3LnI=,lmd87m2Jjq3bObqgFnmJPZcQiyE=
17,3,Ldv9J8ulc2/FxSpIHH6yMob3LnI=,lmd87m2Jjq3bObqgFnmJPZcQiyE=
20,3,Ldv9J8ulc2/FxSpIHH6yMob3LnI=,lmd87m2Jjq3bObqgFnmJPZcQiyE=
19,3,Ldv9J8ulc2/FxSpIHH6yMob3LnI=,lmd87m2Jjq3bObqgFnmJPZcQiyE=
20,5,Ldv9J8ulc2/FxSpIHH6yMob3LnI=,lmd87m2Jjq3bObqgFnmJPZcQiyE=
20,6,Ldv9J8ulc2/FxSpIHH6yMob3LnI=,lmd87m2Jjq3bObqgFnmJPZcQiyE=
23,10,Ldv9J8ulc2/FxSpIHH6yMob3LnI=,lmd87m2Jjq3bObqgFnmJPZcQiyE=
24,7,Ldv9J8ulc2/FxSpIHH6yMob3LnI=,lmd87m2Jjq3bObqgFnmJPZcQiyE=
25,7,Ldv9J8ulc2/FxSpIHH6yMob3LnI=,lmd87m2Jjq3bObqgFnmJPZcQiyE=
28,7,Ldv9J8ulc2/FxSpIHH6yMob3LnI=,lmd87m2Jjq3bObqgFnmJPZcQiyE=
26,7,Ldv9J8ulc2/FxSpIHH6yMob3LnI=,lmd87m2Jjq3bObqgFnmJPZcQiyE=
27,7,Ldv9J8ulc2/FxSpIHH6yMob3LnI=,lmd87m2Jjq3bObqgFnmJPZcQiyE=
23,7,Ldv9J8ulc2/FxSpIHH6yMob3LnI=,lmd87m2Jjq3bObqgFnmJPZcQiyE=
23,8,Ldv9J8ulc2/FxSpIHH6yMob3LnI=,lmd87m2Jjq3bObqgFnmJPZcQiyE=
23,9,Ldv9J8ulc2/FxSpIHH6yMob3LnI=,lmd87m2Jjq3bObqgFnmJPZcQiyE=
31,0,Ldv9J8ulc2/FxSpIHH6yMob3LnI=,lmd87m2Jjq3bObqgFnmJPZcQiyE=
29,3,Ldv9J8ulc2/FxSpIHH6yMob3LnI=,lmd87m2Jjq3bObqgFnmJPZcQiyE=
18,15,Ldv9J8ulc2/FxSpIHH6yMob3LnI=,lmd87m2Jjq3bObqgFnmJPZcQiyE=
17,15,Ldv9J8ulc2/FxSpIHH6yMob3LnI=,lmd87m2Jjq3bObqgFnmJPZcQiyE=
22,14,Ldv9J8ulc2/FxSpIHH6yMob3LnI=,lmd87m2Jjq3bObqgFnmJPZcQiyE=
22,11,Ldv9J8ulc2/FxSpIHH6yMob3LnI=,lmd87m2Jjq3bObqgFnmJPZcQiyE=
19,13,Ldv9J8ulc2/FxSpIHH6yMob3LnI=,lmd87m2Jjq3bObqgFnmJPZcQiyE=
20,15,Ldv9J8ulc2/FxSpIHH6yMob3LnI=,lmd87m2Jjq3bObqgFnmJPZcQiyE=
21,15,Ldv9J8ulc2/FxSpIHH6yMob3LnI=,lmd87m2Jjq3bObqgFnmJPZcQiyE=
22,15,Ldv9J8ulc2/FxSpIHH6yMob3LnI=,lmd87m2Jjq3bObqgFnmJPZcQiyE=
21,12,Ldv9J8ulc2/FxSpIHH6yMob3LnI=,lmd87m2Jjq3bObqgFnmJPZcQiyE=
19,14,Ldv9J8ulc2/FxSpIHH6yMob3LnI=,lmd87m2Jjq3bObqgFnmJPZcQiyE=
21,13,Ldv9J8ulc2/FxSpIHH6yMob3LnI=,lmd87m2Jjq3bObqgFnmJPZcQiyE=
19,15,Ldv9J8ulc2/FxSpIHH6yMob3LnI=,lmd87m2Jjq3bObqgFnmJPZcQiyE=
21,11,Ldv9J8ulc2/FxSpIHH6yMob3LnI=,lmd87m2Jjq3bObqgFnmJPZcQiyE=
22,12,Ldv9J8ulc2/FxSpIHH6yMob3LnI=,lmd87m2Jjq3bObqgFnmJPZcQiyE=
20,14,Ldv9J8ulc2/FxSpIHH6yMob3LnI=,lmd87m2Jjq3bObqgFnmJPZcQiyE=
16,13,Ldv9J8ulc2/FxSpIHH6yMob3LnI=,lmd87m2Jjq3bObqgFnmJPZcQiyE=
21,14,Ldv9J8ulc2/FxSpIHH6yMob3LnI=,lmd87m2Jjq3bObqgFnmJPZcQiyE=
22,13,Ldv9J8ulc2/FxSpIHH6yMob3LnI=,lmd87m2Jjq3bObqgFnmJPZcQiyE=
20,13,Ldv9J8ulc2/FxSpIHH6yMob3LnI=,lmd87m2Jjq3bObqgFnmJPZcQiyE=
17,0,Ldv9J8ulc2/FxSpIHH6yMob3LnI=,lmd87m2Jjq3bObqgFnmJPZcQiyE=
18,0,Ldv9J8ulc2/FxSpIHH6yMob3LnI=,lmd87m2Jjq3bObqgFnmJPZcQiyE=
16,14,Ldv9J8ulc2/FxSpIHH6yMob3LnI=,lmd87m2Jjq3bObqgFnmJPZcQiyE=
19,0,Ldv9J8ulc2/FxSpIHH6yMob3LnI=,lmd87m2Jjq3bObqgFnmJPZcQiyE=
20,0,Ldv9J8ulc2/FxSpIHH6yMob3LnI=,lmd87m2Jjq3bObqgFnmJPZcQiyE=
16,3,Ldv9J8ulc2/FxSpIHH6yMob3LnI=,lmd87m2Jjq3bObqgFnmJPZcQiyE=
16,1,Ldv9J8ulc2/FxSpIHH6yMob3LnI=,lmd87m2Jjq3bObqgFnmJPZcQiyE=
16,2,Ldv9J8ulc2/FxSpIHH6yMob3LnI=,lmd87m2Jjq3bObqgFnmJPZcQiyE=
16,0,Ldv9J8ulc2/FxSpIHH6yMob3LnI=,lmd87m2Jjq3bObqgFnmJPZcQiyE=
16,15,Ldv9J8ulc2/FxSpIHH6yMob3LnI=,lmd87m2Jjq3bObqgFnmJPZcQiyE=
18,8,Ldv9J8ulc2/FxSpIHH6yMob3LnI=,lmd87m2Jjq3bObqgFnmJPZcQiyE=
18,12,Ldv9J8ulc2/FxSpIHH6yMob3LnI=,lmd87m2Jjq3bObqgFnmJPZcQiyE=
19,8,Ldv9J8ulc2/FxSpIHH6yMob3LnI=,lmd87m2Jjq3bObqgFnmJPZcQiyE=
19,12,Ldv9J8ulc2/FxSpIHH6yMob3LnI=,lmd87m2Jjq3bObqgFnmJPZcQiyE=
16,9,Ldv9J8ulc2/FxSpIHH6yMob3LnI=,lmd87m2Jjq3bObqgFnmJPZcQiyE=
17,9,Ldv9J8ulc2/FxSpIHH6yMob3LnI=,lmd87m2Jjq3bObqgFnmJPZcQiyE=
20,7,Ldv9J8ulc2/FxSpIHH6yMob3LnI=,lmd87m2Jjq3bObqgFnmJPZcQiyE=
18,9,Ldv9J8ulc2/FxSpIHH6yMob3LnI=,lmd87m2Jjq3bObqgFnmJPZcQiyE=
20,12,Ldv9J8ulc2/FxSpIHH6yMob3LnI=,lmd87m2Jjq3bObqgFnmJPZcQiyE=
17,12,Ldv9J8ulc2/FxSpIHH6yMob3LnI=,lmd87m2Jjq3bObqgFnmJPZcQiyE=
20,10,Ldv9J8ulc2/FxSpIHH6yMob3LnI=,lmd87m2Jjq3bObqgFnmJPZcQiyE=
16,12,Ldv9J8ulc2/FxSpIHH6yMob3LnI=,lmd87m2Jjq3bObqgFnmJPZcQiyE=
19,11,Ldv9J8ulc2/FxSpIHH6yMob3LnI=,lmd87m2Jjq3bObqgFnmJPZcQiyE=
20,9,Ldv9J8ulc2/FxSpIHH6yMob3LnI=,lmd87m2Jjq3bObqgFnmJPZcQiyE=
17,8,Ldv9J8ulc2/FxSpIHH6yMob3LnI=,lmd87m2Jjq3bObqgFnmJPZcQiyE=
17,11,Ldv9J8ulc2/FxSpIHH6yMob3LnI=,lmd87m2Jjq3bObqgFnmJPZcQiyE=
16,8,Ldv9J8ulc2/FxSpIHH6yMob3LnI=,lmd87m2Jjq3bObqgFnmJPZcQiyE=
16,11,Ldv9J8ulc2/FxSpIHH6yMob3LnI=,lmd87m2Jjq3bObqgFnmJPZcQiyE=
18,11,Ldv9J8ulc2/FxSpIHH6yMob3LnI=,lmd87m2Jjq3bObqgFnmJPZcQiyE=
20,11,Ldv9J8ulc2/FxSpIHH6yMob3LnI=,lmd87m2Jjq3bObqgFnmJPZcQiyE=
18,10,Ldv9J8ulc2/FxSpIHH6yMob3LnI=,lmd87m2Jjq3bObqgFnmJPZcQiyE=
17,10,Ldv9J8ulc2/FxSpIHH6yMob3LnI=,lmd87m2Jjq3bObqgFnmJPZcQiyE=
16,10,Ldv9J8ulc2/FxSpIHH6yMob3LnI=,lmd87m2Jjq3bObqgFnmJPZcQiyE=
20,8,Ldv9J8ulc2/FxSpIHH6yMob3LnI=,lmd87m2Jjq3bObqgFnmJPZcQiyE=
19,10,Ldv9J8ulc2/FxSpIHH6yMob3LnI=,lmd87m2Jjq3bObqgFnmJPZcQiyE=
19,9,Ldv9J8ulc2/FxSpIHH6yMob3LnI=,lmd87m2Jjq3bObqgFnmJPZcQiyE=
26,14,Ldv9J8ulc2/FxSpIHH6yMob3LnI=,lmd87m2Jjq3bObqgFnmJPZcQiyE=
23,14,Ldv9J8ulc2/FxSpIHH6yMob3LnI=,lmd87m2Jjq3bObqgFnmJPZcQiyE=
23,11,Ldv9J8ulc2/FxSpIHH6yMob3LnI=,lmd87m2Jjq3bObqgFnmJPZcQiyE=
24,12,Ldv9J8ulc2/FxSpIHH6yMob3LnI=,lmd87m2Jjq3bObqgFnmJPZcQiyE=
25,12,Ldv9J8ulc2/FxSpIHH6yMob3LnI=,lmd87m2Jjq3bObqgFnmJPZcQiyE=
26,12,Ldv9J8ulc2/FxSpIHH6yMob3LnI=,lmd87m2Jjq3bObqgFnmJPZcQiyE=
27,14,Ldv9J8ulc2/FxSpIHH6yMob3LnI=,lmd87m2Jjq3bObqgFnmJPZcQiyE=
27,12,Ldv9J8ulc2/FxSpIHH6yMob3LnI=,lmd87m2Jjq3bObqgFnmJPZcQiyE=
24,13,Ldv9J8ulc2/FxSpIHH6yMob3LnI=,lmd87m2Jjq3bObqgFnmJPZcQiyE=
24,15,Ldv9J8ulc2/FxSpIHH6yMob3LnI=,lmd87m2Jjq3bObqgFnmJPZcQiyE=
23,15,Ldv9J8ulc2/FxSpIHH6yMob3LnI=,lmd87m2Jjq3bObqgFnmJPZcQiyE=
25,15,Ldv9J8ulc2/FxSpIHH6yMob3LnI=,lmd87m2Jjq3bObqgFnmJPZcQiyE=
25,13,Ldv9J8ulc2/FxSpIHH6yMob3LnI=,lmd87m2Jjq3bObqgFnmJPZcQiyE=
23,13,Ldv9J8ulc2/FxSpIHH6yMob3LnI=,lmd87m2Jjq3bObqgFnmJPZcQiyE=
23,12,Ldv9J8ulc2/FxSpIHH6yMob3LnI=,lmd87m2Jjq3bObqgFnmJPZcQiyE=
26,15,Ldv9J8ulc2/FxSpIHH6yMob3LnI=,lmd87m2Jjq3bObqgFnmJPZcQiyE=
26,13,Ldv9J8ulc2/FxSpIHH6yMob3LnI=,lmd87m2Jjq3bObqgFnmJPZcQiyE=
27,13,Ldv9J8ulc2/FxSpIHH6yMob3LnI=,lmd87m2Jjq3bObqgFnmJPZcQiyE=
25,14,Ldv9J8ulc2/FxSpIHH6yMob3LnI=,lmd87m2Jjq3bObqgFnmJPZcQiyE=
24,14,Ldv9J8ulc2/FxSpIHH6yMob3LnI=,lmd87m2Jjq3bObqgFnmJPZcQiyE=
27,15,Ldv9J8ulc2/FxSpIHH6yMob3LnI=,lmd87m2Jjq3bObqgFnmJPZcQiyE=
