-44,21,y6iDPcCpQ1vUjuXQbbsKNF7K1Uc=,Scbg1XZ2d/yVJFHQu7GfJX2Njws=
-45,21,y6iDPcCpQ1vUjuXQbbsKNF7K1Uc=,Scbg1XZ2d/yVJFHQu7GfJX2Njws=
-43,20,y6iDPcCpQ1vUjuXQbbsKNF7K1Uc=,Scbg1XZ2d/yVJFHQu7GfJX2Njws=
-43,19,y6iDPcCpQ1vUjuXQbbsKNF7K1Uc=,Scbg1XZ2d/yVJFHQu7GfJX2Njws=
-44,19,y6iDPcCpQ1vUjuXQbbsKNF7K1Uc=,Scbg1XZ2d/yVJFHQu7GfJX2Njws=
-44,20,y6iDPcCpQ1vUjuXQbbsKNF7K1Uc=,Scbg1XZ2d/yVJFHQu7GfJX2Njws=
-47,21,y6iDPcCpQ1vUjuXQbbsKNF7K1Uc=,Scbg1XZ2d/yVJFHQu7GfJX2Njws=
-46,21,y6iDPcCpQ1vUjuXQbbsKNF7K1Uc=,Scbg1XZ2d/yVJFHQu7GfJX2Njws=
-45,19,y6iDPcCpQ1vUjuXQbbsKNF7K1Uc=,Scbg1XZ2d/yVJFHQu7GfJX2Njws=
-46,19,y6iDPcCpQ1vUjuXQbbsKNF7K1Uc=,Scbg1XZ2d/yVJFHQu7GfJX2Njws=
-45,20,y6iDPcCpQ1vUjuXQbbsKNF7K1Uc=,Scbg1XZ2d/yVJFHQu7GfJX2Njws=
-43,17,y6iDPcCpQ1vUjuXQbbsKNF7K1Uc=,Scbg1XZ2d/yVJFHQu7GfJX2Njws=
-46,20,y6iDPcCpQ1vUjuXQbbsKNF7K1Uc=,Scbg1XZ2d/yVJFHQu7GfJX2Njws=
-43,18,y6iDPcCpQ1vUjuXQbbsKNF7K1Uc=,Scbg1XZ2d/yVJFHQu7GfJX2Njws=
-44,18,y6iDPcCpQ1vUjuXQbbsKNF7K1Uc=,Scbg1XZ2d/yVJFHQu7GfJX2Njws=
-44,17,y6iDPcCpQ1vUjuXQbbsKNF7K1Uc=,Scbg1XZ2d/yVJFHQu7GfJX2Njws=
-47,17,y6iDPcCpQ1vUjuXQbbsKNF7K1Uc=,Scbg1XZ2d/yVJFHQu7GfJX2Njws=
-47,20,y6iDPcCpQ1vUjuXQbbsKNF7K1Uc=,Scbg1XZ2d/yVJFHQu7GfJX2Njws=
-45,18,y6iDPcCpQ1vUjuXQbbsKNF7K1Uc=,Scbg1XZ2d/yVJFHQu7GfJX2Njws=
-45,17,y6iDPcCpQ1vUjuXQbbsKNF7K1Uc=,Scbg1XZ2d/yVJFHQu7GfJX2Njws=
-46,18,y6iDPcCpQ1vUjuXQbbsKNF7K1Uc=,Scbg1XZ2d/yVJFHQu7GfJX2Njws=
-47,19,y6iDPcCpQ1vUjuXQbbsKNF7K1Uc=,Scbg1XZ2d/yVJFHQu7GfJX2Njws=
-42,18,y6iDPcCpQ1vUjuXQbbsKNF7K1Uc=,Scbg1XZ2d/yVJFHQu7GfJX2Njws=
-43,22,y6iDPcCpQ1vUjuXQbbsKNF7K1Uc=,Scbg1XZ2d/yVJFHQu7GfJX2Njws=
-46,17,y6iDPcCpQ1vUjuXQbbsKNF7K1Uc=,Scbg1XZ2d/yVJFHQu7GfJX2Njws=
-44,22,y6iDPcCpQ1vUjuXQbbsKNF7K1Uc=,Scbg1XZ2d/yVJFHQu7GfJX2Njws=
-47,18,y6iDPcCpQ1vUjuXQbbsKNF7K1Uc=,Scbg1XZ2d/yVJFHQu7GfJX2Njws=
-45,22,y6iDPcCpQ1vUjuXQbbsKNF7K1Uc=,Scbg1XZ2d/yVJFHQu7GfJX2Njws=
-46,22,y6iDPcCpQ1vUjuXQbbsKNF7K1Uc=,Scbg1XZ2d/yVJFHQu7GfJX2Njws=
-47,22,y6iDPcCpQ1vUjuXQbbsKNF7K1Uc=,Scbg1XZ2d/yVJFHQu7GfJX2Njws=
-42,17,y6iDPcCpQ1vUjuXQbbsKNF7K1Uc=,Scbg1XZ2d/yVJFHQu7GfJX2Njws=
-42,22,y6iDPcCpQ1vUjuXQbbsKNF7K1Uc=,Scbg1XZ2d/yVJFHQu7GfJX2Njws=
-42,21,y6iDPcCpQ1vUjuXQbbsKNF7K1Uc=,Scbg1XZ2d/yVJFHQu7GfJX2Njws=
-43,21,y6iDPcCpQ1vUjuXQbbsKNF7K1Uc=,Scbg1XZ2d/yVJFHQu7GfJX2Njws=
-42,20,y6iDPcCpQ1vUjuXQbbsKNF7K1Uc=,Scbg1XZ2d/yVJFHQu7GfJX2Njws=
-42,19,y6iDPcCpQ1vUjuXQbbsKNF7K1Uc=,Scbg1XZ2d/yVJFHQu7GfJX2Njws=
-48,18,+6pm/OO+jMr8k5rzkiGhfSOCur8=,Scbg1XZ2d/yVJFHQu7GfJX2Njws=
-48,21,+6pm/OO+jMr8k5rzkiGhfSOCur8=,Scbg1XZ2d/yVJFHQu7GfJX2Njws=
-48,17,+6pm/OO+jMr8k5rzkiGhfSOCur8=,Scbg1XZ2d/yVJFHQu7GfJX2Njws=
-48,20,+6pm/OO+jMr8k5rzkiGhfSOCur8=,Scbg1XZ2d/yVJFHQu7GfJX2Njws=
-48,22,+6pm/OO+jMr8k5rzkiGhfSOCur8=,Scbg1XZ2d/yVJFHQu7GfJX2Njws=
-48,19,+6pm/OO+jMr8k5rzkiGhfSOCur8=,Scbg1XZ2d/yVJFHQu7GfJX2Njws=
-44,16,+6pm/OO+jMr8k5rzkiGhfSOCur8=,Scbg1XZ2d/yVJFHQu7GfJX2Njws=
-45,16,+6pm/OO+jMr8k5rzkiGhfSOCur8=,Scbg1XZ2d/yVJFHQu7GfJX2Njws=
-46,16,+6pm/OO+jMr8k5rzkiGhfSOCur8=,Scbg1XZ2d/yVJFHQu7GfJX2Njws=
-47,16,+6pm/OO+jMr8k5rzkiGhfSOCur8=,Scbg1XZ2d/yVJFHQu7GfJX2Njws=
-42,16,+6pm/OO+jMr8k5rzkiGhfSOCur8=,Scbg1XZ2d/yVJFHQu7GfJX2Njws=
-43,16,+6pm/OO+jMr8k5rzkiGhfSOCur8=,Scbg1XZ2d/yVJFHQu7GfJX2Njws=
-48,16,bZ4T63uSCIoQFq+IqaUz8pSNDEM=,Scbg1XZ2d/yVJFHQu7GfJX2Njws=
-33,31,0cvyytfZosjLPmVwJrRf9LZC9mI=,JJqFp+YcacP5DMm1HkAsipERyNg=
-36,27,0cvyytfZosjLPmVwJrRf9LZC9mI=,JJqFp+YcacP5DMm1HkAsipERyNg=
-34,31,0cvyytfZosjLPmVwJrRf9LZC9mI=,JJqFp+YcacP5DMm1HkAsipERyNg=
-37,27,0cvyytfZosjLPmVwJrRf9LZC9mI=,JJqFp+YcacP5DMm1HkAsipERyNg=
-35,31,0cvyytfZosjLPmVwJrRf9LZC9mI=,JJqFp+YcacP5DMm1HkAsipERyNg=
-38,27,0cvyytfZosjLPmVwJrRf9LZC9mI=,JJqFp+YcacP5DMm1HkAsipERyNg=
-35,27,0cvyytfZosjLPmVwJrRf9LZC9mI=,JJqFp+YcacP5DMm1HkAsipERyNg=
-36,31,0cvyytfZosjLPmVwJrRf9LZC9mI=,JJqFp+YcacP5DMm1HkAsipERyNg=
-39,27,0cvyytfZosjLPmVwJrRf9LZC9mI=,JJqFp+YcacP5DMm1HkAsipERyNg=
-37,31,0cvyytfZosjLPmVwJrRf9LZC9mI=,JJqFp+YcacP5DMm1HkAsipERyNg=
-34,27,0cvyytfZosjLPmVwJrRf9LZC9mI=,JJqFp+YcacP5DMm1HkAsipERyNg=
-34,26,0cvyytfZosjLPmVwJrRf9LZC9mI=,JJqFp+YcacP5DMm1HkAsipERyNg=
-38,31,0cvyytfZosjLPmVwJrRf9LZC9mI=,JJqFp+YcacP5DMm1HkAsipERyNg=
-39,31,0cvyytfZosjLPmVwJrRf9LZC9mI=,JJqFp+YcacP5DMm1HkAsipERyNg=
-33,30,0cvyytfZosjLPmVwJrRf9LZC9mI=,JJqFp+YcacP5DMm1HkAsipERyNg=
-33,26,0cvyytfZosjLPmVwJrRf9LZC9mI=,JJqFp+YcacP5DMm1HkAsipERyNg=
-33,27,0cvyytfZosjLPmVwJrRf9LZC9mI=,JJqFp+YcacP5DMm1HkAsipERyNg=
-39,28,0cvyytfZosjLPmVwJrRf9LZC9mI=,JJqFp+YcacP5DMm1HkAsipERyNg=
-38,28,0cvyytfZosjLPmVwJrRf9LZC9mI=,JJqFp+YcacP5DMm1HkAsipERyNg=
-37,28,0cvyytfZosjLPmVwJrRf9LZC9mI=,JJqFp+YcacP5DMm1HkAsipERyNg=
-36,26,0cvyytfZosjLPmVwJrRf9LZC9mI=,JJqFp+YcacP5DMm1HkAsipERyNg=
-37,26,0cvyytfZosjLPmVwJrRf9LZC9mI=,JJqFp+YcacP5DMm1HkAsipERyNg=
-38,26,0cvyytfZosjLPmVwJrRf9LZC9mI=,JJqFp+YcacP5DMm1HkAsipERyNg=
-39,26,0cvyytfZosjLPmVwJrRf9LZC9mI=,JJqFp+YcacP5DMm1HkAsipERyNg=
-35,26,0cvyytfZosjLPmVwJrRf9LZC9mI=,JJqFp+YcacP5DMm1HkAsipERyNg=
-36,28,0cvyytfZosjLPmVwJrRf9LZC9mI=,JJqFp+YcacP5DMm1HkAsipERyNg=
-34,30,0cvyytfZosjLPmVwJrRf9LZC9mI=,JJqFp+YcacP5DMm1HkAsipERyNg=
-33,25,0cvyytfZosjLPmVwJrRf9LZC9mI=,JJqFp+YcacP5DMm1HkAsipERyNg=
-35,28,0cvyytfZosjLPmVwJrRf9LZC9mI=,JJqFp+YcacP5DMm1HkAsipERyNg=
-35,30,0cvyytfZosjLPmVwJrRf9LZC9mI=,JJqFp+YcacP5DMm1HkAsipERyNg=
-36,30,0cvyytfZosjLPmVwJrRf9LZC9mI=,JJqFp+YcacP5DMm1HkAsipERyNg=
-34,28,0cvyytfZosjLPmVwJrRf9LZC9mI=,JJqFp+YcacP5DMm1HkAsipERyNg=
-33,28,0cvyytfZosjLPmVwJrRf9LZC9mI=,JJqFp+YcacP5DMm1HkAsipERyNg=
-39,29,0cvyytfZosjLPmVwJrRf9LZC9mI=,JJqFp+YcacP5DMm1HkAsipERyNg=
-38,29,0cvyytfZosjLPmVwJrRf9LZC9mI=,JJqFp+YcacP5DMm1HkAsipERyNg=
-34,25,0cvyytfZosjLPmVwJrRf9LZC9mI=,JJqFp+YcacP5DMm1HkAsipERyNg=
-38,30,0cvyytfZosjLPmVwJrRf9LZC9mI=,JJqFp+YcacP5DMm1HkAsipERyNg=
-39,30,0cvyytfZosjLPmVwJrRf9LZC9mI=,JJqFp+YcacP5DMm1HkAsipERyNg=
-37,30,0cvyytfZosjLPmVwJrRf9LZC9mI=,JJqFp+YcacP5DMm1HkAsipERyNg=
-33,29,0cvyytfZosjLPmVwJrRf9LZC9mI=,JJqFp+YcacP5DMm1HkAsipERyNg=
-37,29,0cvyytfZosjLPmVwJrRf9LZC9mI=,JJqFp+YcacP5DMm1HkAsipERyNg=
-34,29,0cvyytfZosjLPmVwJrRf9LZC9mI=,JJqFp+YcacP5DMm1HkAsipERyNg=
-39,25,0cvyytfZosjLPmVwJrRf9LZC9mI=,JJqFp+YcacP5DMm1HkAsipERyNg=
-38,25,0cvyytfZosjLPmVwJrRf9LZC9mI=,JJqFp+YcacP5DMm1HkAsipERyNg=
-37,25,0cvyytfZosjLPmVwJrRf9LZC9mI=,JJqFp+YcacP5DMm1HkAsipERyNg=
-35,25,0cvyytfZosjLPmVwJrRf9LZC9mI=,JJqFp+YcacP5DMm1HkAsipERyNg=
-35,29,0cvyytfZosjLPmVwJrRf9LZC9mI=,JJqFp+YcacP5DMm1HkAsipERyNg=
-36,25,0cvyytfZosjLPmVwJrRf9LZC9mI=,JJqFp+YcacP5DMm1HkAsipERyNg=
-36,29,0cvyytfZosjLPmVwJrRf9LZC9mI=,JJqFp+YcacP5DMm1HkAsipERyNg=
-45,27,18PDeLTxWSNzvOv8pa0bZc4VG8o=,Scbg1XZ2d/yVJFHQu7GfJX2Njws=
-44,27,18PDeLTxWSNzvOv8pa0bZc4VG8o=,Scbg1XZ2d/yVJFHQu7GfJX2Njws=
-42,31,18PDeLTxWSNzvOv8pa0bZc4VG8o=,Scbg1XZ2d/yVJFHQu7GfJX2Njws=
-46,27,18PDeLTxWSNzvOv8pa0bZc4VG8o=,Scbg1XZ2d/yVJFHQu7GfJX2Njws=
-47,27,18PDeLTxWSNzvOv8pa0bZc4VG8o=,Scbg1XZ2d/yVJFHQu7GfJX2Njws=
-48,27,18PDeLTxWSNzvOv8pa0bZc4VG8o=,Scbg1XZ2d/yVJFHQu7GfJX2Njws=
-41,31,18PDeLTxWSNzvOv8pa0bZc4VG8o=,Scbg1XZ2d/yVJFHQu7GfJX2Njws=
-43,27,18PDeLTxWSNzvOv8pa0bZc4VG8o=,Scbg1XZ2d/yVJFHQu7GfJX2Njws=
-42,26,18PDeLTxWSNzvOv8pa0bZc4VG8o=,Scbg1XZ2d/yVJFHQu7GfJX2Njws=
-41,26,18PDeLTxWSNzvOv8pa0bZc4VG8o=,Scbg1XZ2d/yVJFHQu7GfJX2Njws=
-43,31,18PDeLTxWSNzvOv8pa0bZc4VG8o=,Scbg1XZ2d/yVJFHQu7GfJX2Njws=
-42,27,18PDeLTxWSNzvOv8pa0bZc4VG8o=,Scbg1XZ2d/yVJFHQu7GfJX2Njws=
-44,31,18PDeLTxWSNzvOv8pa0bZc4VG8o=,Scbg1XZ2d/yVJFHQu7GfJX2Njws=
-44,26,18PDeLTxWSNzvOv8pa0bZc4VG8o=,Scbg1XZ2d/yVJFHQu7GfJX2Njws=
-45,26,18PDeLTxWSNzvOv8pa0bZc4VG8o=,Scbg1XZ2d/yVJFHQu7GfJX2Njws=
-46,26,18PDeLTxWSNzvOv8pa0bZc4VG8o=,Scbg1XZ2d/yVJFHQu7GfJX2Njws=
-40,27,18PDeLTxWSNzvOv8pa0bZc4VG8o=,JJqFp+YcacP5DMm1HkAsipERyNg=
-43,26,18PDeLTxWSNzvOv8pa0bZc4VG8o=,Scbg1XZ2d/yVJFHQu7GfJX2Njws=
-47,26,18PDeLTxWSNzvOv8pa0bZc4VG8o=,Scbg1XZ2d/yVJFHQu7GfJX2Njws=
-40,31,18PDeLTxWSNzvOv8pa0bZc4VG8o=,JJqFp+YcacP5DMm1HkAsipERyNg=
-45,31,18PDeLTxWSNzvOv8pa0bZc4VG8o=,Scbg1XZ2d/yVJFHQu7GfJX2Njws=
-41,27,18PDeLTxWSNzvOv8pa0bZc4VG8o=,Scbg1XZ2d/yVJFHQu7GfJX2Njws=
-48,26,18PDeLTxWSNzvOv8pa0bZc4VG8o=,Scbg1XZ2d/yVJFHQu7GfJX2Njws=
-40,28,18PDeLTxWSNzvOv8pa0bZc4VG8o=,JJqFp+YcacP5DMm1HkAsipERyNg=
-48,28,18PDeLTxWSNzvOv8pa0bZc4VG8o=,Scbg1XZ2d/yVJFHQu7GfJX2Njws=
-47,28,18PDeLTxWSNzvOv8pa0bZc4VG8o=,Scbg1XZ2d/yVJFHQu7GfJX2Njws=
-46,28,18PDeLTxWSNzvOv8pa0bZc4VG8o=,Scbg1XZ2d/yVJFHQu7GfJX2Njws=
-46,31,18PDeLTxWSNzvOv8pa0bZc4VG8o=,Scbg1XZ2d/yVJFHQu7GfJX2Njws=
-45,28,18PDeLTxWSNzvOv8pa0bZc4VG8o=,Scbg1XZ2d/yVJFHQu7GfJX2Njws=
-40,26,18PDeLTxWSNzvOv8pa0bZc4VG8o=,JJqFp+YcacP5DMm1HkAsipERyNg=
-41,25,18PDeLTxWSNzvOv8pa0bZc4VG8o=,Scbg1XZ2d/yVJFHQu7GfJX2Njws=
-44,28,18PDeLTxWSNzvOv8pa0bZc4VG8o=,Scbg1XZ2d/yVJFHQu7GfJX2Njws=
-48,23,18PDeLTxWSNzvOv8pa0bZc4VG8o=,Scbg1XZ2d/yVJFHQu7GfJX2Njws=
-47,23,18PDeLTxWSNzvOv8pa0bZc4VG8o=,Scbg1XZ2d/yVJFHQu7GfJX2Njws=
-40,30,18PDeLTxWSNzvOv8pa0bZc4VG8o=,JJqFp+YcacP5DMm1HkAsipERyNg=
-42,25,18PDeLTxWSNzvOv8pa0bZc4VG8o=,Scbg1XZ2d/yVJFHQu7GfJX2Njws=
-44,25,18PDeLTxWSNzvOv8pa0bZc4VG8o=,Scbg1XZ2d/yVJFHQu7GfJX2Njws=
-45,25,18PDeLTxWSNzvOv8pa0bZc4VG8o=,Scbg1XZ2d/yVJFHQu7GfJX2Njws=
-47,31,18PDeLTxWSNzvOv8pa0bZc4VG8o=,Scbg1XZ2d/yVJFHQu7GfJX2Njws=
-48,31,18PDeLTxWSNzvOv8pa0bZc4VG8o=,Scbg1XZ2d/yVJFHQu7GfJX2Njws=
-46,25,18PDeLTxWSNzvOv8pa0bZc4VG8o=,Scbg1XZ2d/yVJFHQu7GfJX2Njws=
-47,25,18PDeLTxWSNzvOv8pa0bZc4VG8o=,Scbg1XZ2d/yVJFHQu7GfJX2Njws=
-48,25,18PDeLTxWSNzvOv8pa0bZc4VG8o=,Scbg1XZ2d/yVJFHQu7GfJX2Njws=
-43,25,18PDeLTxWSNzvOv8pa0bZc4VG8o=,Scbg1XZ2d/yVJFHQu7GfJX2Njws=
-43,24,18PDeLTxWSNzvOv8pa0bZc4VG8o=,Scbg1XZ2d/yVJFHQu7GfJX2Njws=
-43,28,18PDeLTxWSNzvOv8pa0bZc4VG8o=,Scbg1XZ2d/yVJFHQu7GfJX2Njws=
-46,23,18PDeLTxWSNzvOv8pa0bZc4VG8o=,Scbg1XZ2d/yVJFHQu7GfJX2Njws=
-45,23,18PDeLTxWSNzvOv8pa0bZc4VG8o=,Scbg1XZ2d/yVJFHQu7GfJX2Njws=
-42,24,18PDeLTxWSNzvOv8pa0bZc4VG8o=,Scbg1XZ2d/yVJFHQu7GfJX2Njws=
-40,25,18PDeLTxWSNzvOv8pa0bZc4VG8o=,JJqFp+YcacP5DMm1HkAsipERyNg=
-42,28,18PDeLTxWSNzvOv8pa0bZc4VG8o=,Scbg1XZ2d/yVJFHQu7GfJX2Njws=
-44,23,18PDeLTxWSNzvOv8pa0bZc4VG8o=,Scbg1XZ2d/yVJFHQu7GfJX2Njws=
-43,23,18PDeLTxWSNzvOv8pa0bZc4VG8o=,Scbg1XZ2d/yVJFHQu7GfJX2Njws=
-41,30,18PDeLTxWSNzvOv8pa0bZc4VG8o=,Scbg1XZ2d/yVJFHQu7GfJX2Njws=
-44,24,18PDeLTxWSNzvOv8pa0bZc4VG8o=,Scbg1XZ2d/yVJFHQu7GfJX2Njws=
-41,28,18PDeLTxWSNzvOv8pa0bZc4VG8o=,Scbg1XZ2d/yVJFHQu7GfJX2Njws=
-42,30,18PDeLTxWSNzvOv8pa0bZc4VG8o=,Scbg1XZ2d/yVJFHQu7GfJX2Njws=
-48,29,18PDeLTxWSNzvOv8pa0bZc4VG8o=,Scbg1XZ2d/yVJFHQu7GfJX2Njws=
-47,29,18PDeLTxWSNzvOv8pa0bZc4VG8o=,Scbg1XZ2d/yVJFHQu7GfJX2Njws=
-46,29,18PDeLTxWSNzvOv8pa0bZc4VG8o=,Scbg1XZ2d/yVJFHQu7GfJX2Njws=
-45,29,18PDeLTxWSNzvOv8pa0bZc4VG8o=,Scbg1XZ2d/yVJFHQu7GfJX2Njws=
-43,30,18PDeLTxWSNzvOv8pa0bZc4VG8o=,Scbg1XZ2d/yVJFHQu7GfJX2Njws=
-44,30,18PDeLTxWSNzvOv8pa0bZc4VG8o=,Scbg1XZ2d/yVJFHQu7GfJX2Njws=
-45,24,18PDeLTxWSNzvOv8pa0bZc4VG8o=,Scbg1XZ2d/yVJFHQu7GfJX2Njws=
-46,24,18PDeLTxWSNzvOv8pa0bZc4VG8o=,Scbg1XZ2d/yVJFHQu7GfJX2Njws=
-46,30,18PDeLTxWSNzvOv8pa0bZc4VG8o=,Scbg1XZ2d/yVJFHQu7GfJX2Njws=
-47,24,18PDeLTxWSNzvOv8pa0bZc4VG8o=,Scbg1XZ2d/yVJFHQu7GfJX2Njws=
-45,30,18PDeLTxWSNzvOv8pa0bZc4VG8o=,Scbg1XZ2d/yVJFHQu7GfJX2Njws=
-48,24,18PDeLTxWSNzvOv8pa0bZc4VG8o=,Scbg1XZ2d/yVJFHQu7GfJX2Njws=
-47,30,18PDeLTxWSNzvOv8pa0bZc4VG8o=,Scbg1XZ2d/yVJFHQu7GfJX2Njws=
-44,29,18PDeLTxWSNzvOv8pa0bZc4VG8o=,Scbg1XZ2d/yVJFHQu7GfJX2Njws=
-40,29,18PDeLTxWSNzvOv8pa0bZc4VG8o=,JJqFp+YcacP5DMm1HkAsipERyNg=
-48,30,18PDeLTxWSNzvOv8pa0bZc4VG8o=,Scbg1XZ2d/yVJFHQu7GfJX2Njws=
-42,23,18PDeLTxWSNzvOv8pa0bZc4VG8o=,Scbg1XZ2d/yVJFHQu7GfJX2Njws=
-41,29,18PDeLTxWSNzvOv8pa0bZc4VG8o=,Scbg1XZ2d/yVJFHQu7GfJX2Njws=
-43,29,18PDeLTxWSNzvOv8pa0bZc4VG8o=,Scbg1XZ2d/yVJFHQu7GfJX2Njws=
-42,29,18PDeLTxWSNzvOv8pa0bZc4VG8o=,Scbg1XZ2d/yVJFHQu7GfJX2Njws=
-33,23,Y1O90NAEuvXTnDjBNhQWQ4sG9NQ=,Scbg1XZ2d/yVJFHQu7GfJX2Njws=
-35,23,Y1O90NAEuvXTnDjBNhQWQ4sG9NQ=,Scbg1XZ2d/yVJFHQu7GfJX2Njws=
-36,19,Y1O90NAEuvXTnDjBNhQWQ4sG9NQ=,Scbg1XZ2d/yVJFHQu7GfJX2Njws=
-34,23,Y1O90NAEuvXTnDjBNhQWQ4sG9NQ=,Scbg1XZ2d/yVJFHQu7GfJX2Njws=
-38,19,Y1O90NAEuvXTnDjBNhQWQ4sG9NQ=,Scbg1XZ2d/yVJFHQu7GfJX2Njws=
-39,19,Y1O90NAEuvXTnDjBNhQWQ4sG9NQ=,Scbg1XZ2d/yVJFHQu7GfJX2Njws=
-40,19,Y1O90NAEuvXTnDjBNhQWQ4sG9NQ=,Scbg1XZ2d/yVJFHQu7GfJX2Njws=
-41,21,Y1O90NAEuvXTnDjBNhQWQ4sG9NQ=,Scbg1XZ2d/yVJFHQu7GfJX2Njws=
-41,19,Y1O90NAEuvXTnDjBNhQWQ4sG9NQ=,Scbg1XZ2d/yVJFHQu7GfJX2Njws=
-33,18,Y1O90NAEuvXTnDjBNhQWQ4sG9NQ=,Scbg1XZ2d/yVJFHQu7GfJX2Njws=
-37,19,Y1O90NAEuvXTnDjBNhQWQ4sG9NQ=,Scbg1XZ2d/yVJFHQu7GfJX2Njws=
-35,19,Y1O90NAEuvXTnDjBNhQWQ4sG9NQ=,Scbg1XZ2d/yVJFHQu7GfJX2Njws=
-34,18,Y1O90NAEuvXTnDjBNhQWQ4sG9NQ=,Scbg1XZ2d/yVJFHQu7GfJX2Njws=
-37,23,Y1O90NAEuvXTnDjBNhQWQ4sG9NQ=,Scbg1XZ2d/yVJFHQu7GfJX2Njws=
-38,23,Y1O90NAEuvXTnDjBNhQWQ4sG9NQ=,Scbg1XZ2d/yVJFHQu7GfJX2Njws=
-36,23,Y1O90NAEuvXTnDjBNhQWQ4sG9NQ=,Scbg1XZ2d/yVJFHQu7GfJX2Njws=
-34,19,Y1O90NAEuvXTnDjBNhQWQ4sG9NQ=,Scbg1XZ2d/yVJFHQu7GfJX2Njws=
-40,23,Y1O90NAEuvXTnDjBNhQWQ4sG9NQ=,Scbg1XZ2d/yVJFHQu7GfJX2Njws=
-39,23,Y1O90NAEuvXTnDjBNhQWQ4sG9NQ=,Scbg1XZ2d/yVJFHQu7GfJX2Njws=
-33,22,Y1O90NAEuvXTnDjBNhQWQ4sG9NQ=,Scbg1XZ2d/yVJFHQu7GfJX2Njws=
-41,22,Y1O90NAEuvXTnDjBNhQWQ4sG9NQ=,Scbg1XZ2d/yVJFHQu7GfJX2Njws=
-36,18,Y1O90NAEuvXTnDjBNhQWQ4sG9NQ=,Scbg1XZ2d/yVJFHQu7GfJX2Njws=
-35,18,Y1O90NAEuvXTnDjBNhQWQ4sG9NQ=,Scbg1XZ2d/yVJFHQu7GfJX2Njws=
-38,18,Y1O90NAEuvXTnDjBNhQWQ4sG9NQ=,Scbg1XZ2d/yVJFHQu7GfJX2Njws=
-37,18,Y1O90NAEuvXTnDjBNhQWQ4sG9NQ=,Scbg1XZ2d/yVJFHQu7GfJX2Njws=
-39,18,Y1O90NAEuvXTnDjBNhQWQ4sG9NQ=,Scbg1XZ2d/yVJFHQu7GfJX2Njws=
-40,18,Y1O90NAEuvXTnDjBNhQWQ4sG9NQ=,Scbg1XZ2d/yVJFHQu7GfJX2Njws=
-41,17,Y1O90NAEuvXTnDjBNhQWQ4sG9NQ=,Scbg1XZ2d/yVJFHQu7GfJX2Njws=
-33,19,Y1O90NAEuvXTnDjBNhQWQ4sG9NQ=,Scbg1XZ2d/yVJFHQu7GfJX2Njws=
-40,20,Y1O90NAEuvXTnDjBNhQWQ4sG9NQ=,Scbg1XZ2d/yVJFHQu7GfJX2Njws=
-39,20,Y1O90NAEuvXTnDjBNhQWQ4sG9NQ=,Scbg1XZ2d/yVJFHQu7GfJX2Njws=
-33,17,Y1O90NAEuvXTnDjBNhQWQ4sG9NQ=,Scbg1XZ2d/yVJFHQu7GfJX2Njws=
-34,22,Y1O90NAEuvXTnDjBNhQWQ4sG9NQ=,Scbg1XZ2d/yVJFHQu7GfJX2Njws=
-34,17,Y1O90NAEuvXTnDjBNhQWQ4sG9NQ=,Scbg1XZ2d/yVJFHQu7GfJX2Njws=
-38,20,Y1O90NAEuvXTnDjBNhQWQ4sG9NQ=,Scbg1XZ2d/yVJFHQu7GfJX2Njws=
-41,16,Y1O90NAEuvXTnDjBNhQWQ4sG9NQ=,Scbg1XZ2d/yVJFHQu7GfJX2Njws=
-35,17,Y1O90NAEuvXTnDjBNhQWQ4sG9NQ=,Scbg1XZ2d/yVJFHQu7GfJX2Njws=
-36,22,Y1O90NAEuvXTnDjBNhQWQ4sG9NQ=,Scbg1XZ2d/yVJFHQu7GfJX2Njws=
-35,22,Y1O90NAEuvXTnDjBNhQWQ4sG9NQ=,Scbg1XZ2d/yVJFHQu7GfJX2Njws=
-37,20,Y1O90NAEuvXTnDjBNhQWQ4sG9NQ=,Scbg1XZ2d/yVJFHQu7GfJX2Njws=
-40,16,Y1O90NAEuvXTnDjBNhQWQ4sG9NQ=,Scbg1XZ2d/yVJFHQu7GfJX2Njws=
-37,22,Y1O90NAEuvXTnDjBNhQWQ4sG9NQ=,Scbg1XZ2d/yVJFHQu7GfJX2Njws=
-39,22,Y1O90NAEuvXTnDjBNhQWQ4sG9NQ=,Scbg1XZ2d/yVJFHQu7GfJX2Njws=
-38,22,Y1O90NAEuvXTnDjBNhQWQ4sG9NQ=,Scbg1XZ2d/yVJFHQu7GfJX2Njws=
-41,18,Y1O90NAEuvXTnDjBNhQWQ4sG9NQ=,Scbg1XZ2d/yVJFHQu7GfJX2Njws=
-36,20,Y1O90NAEuvXTnDjBNhQWQ4sG9NQ=,Scbg1XZ2d/yVJFHQu7GfJX2Njws=
-37,17,Y1O90NAEuvXTnDjBNhQWQ4sG9NQ=,Scbg1XZ2d/yVJFHQu7GfJX2Njws=
-40,24,Y1O90NAEuvXTnDjBNhQWQ4sG9NQ=,JJqFp+YcacP5DMm1HkAsipERyNg=
-39,16,Y1O90NAEuvXTnDjBNhQWQ4sG9NQ=,Scbg1XZ2d/yVJFHQu7GfJX2Njws=
-36,17,Y1O90NAEuvXTnDjBNhQWQ4sG9NQ=,Scbg1XZ2d/yVJFHQu7GfJX2Njws=
-38,16,Y1O90NAEuvXTnDjBNhQWQ4sG9NQ=,Scbg1XZ2d/yVJFHQu7GfJX2Njws=
-40,22,Y1O90NAEuvXTnDjBNhQWQ4sG9NQ=,Scbg1XZ2d/yVJFHQu7GfJX2Njws=
-34,21,Y1O90NAEuvXTnDjBNhQWQ4sG9NQ=,Scbg1XZ2d/yVJFHQu7GfJX2Njws=
-37,16,Y1O90NAEuvXTnDjBNhQWQ4sG9NQ=,Scbg1XZ2d/yVJFHQu7GfJX2Njws=
-33,21,Y1O90NAEuvXTnDjBNhQWQ4sG9NQ=,Scbg1XZ2d/yVJFHQu7GfJX2Njws=
-35,21,Y1O90NAEuvXTnDjBNhQWQ4sG9NQ=,Scbg1XZ2d/yVJFHQu7GfJX2Njws=
-36,16,Y1O90NAEuvXTnDjBNhQWQ4sG9NQ=,Scbg1XZ2d/yVJFHQu7GfJX2Njws=
-36,21,Y1O90NAEuvXTnDjBNhQWQ4sG9NQ=,Scbg1XZ2d/yVJFHQu7GfJX2Njws=
-41,20,Y1O90NAEuvXTnDjBNhQWQ4sG9NQ=,Scbg1XZ2d/yVJFHQu7GfJX2Njws=
-37,21,Y1O90NAEuvXTnDjBNhQWQ4sG9NQ=,Scbg1XZ2d/yVJFHQu7GfJX2Njws=
-41,24,Y1O90NAEuvXTnDjBNhQWQ4sG9NQ=,Scbg1XZ2d/yVJFHQu7GfJX2Njws=
-41,23,Y1O90NAEuvXTnDjBNhQWQ4sG9NQ=,Scbg1XZ2d/yVJFHQu7GfJX2Njws=
-38,17,Y1O90NAEuvXTnDjBNhQWQ4sG9NQ=,Scbg1XZ2d/yVJFHQu7GfJX2Njws=
-39,17,Y1O90NAEuvXTnDjBNhQWQ4sG9NQ=,Scbg1XZ2d/yVJFHQu7GfJX2Njws=
-40,17,Y1O90NAEuvXTnDjBNhQWQ4sG9NQ=,Scbg1XZ2d/yVJFHQu7GfJX2Njws=
-33,24,Y1O90NAEuvXTnDjBNhQWQ4sG9NQ=,JJqFp+YcacP5DMm1HkAsipERyNg=
-35,20,Y1O90NAEuvXTnDjBNhQWQ4sG9NQ=,Scbg1XZ2d/yVJFHQu7GfJX2Njws=
-33,16,Y1O90NAEuvXTnDjBNhQWQ4sG9NQ=,Scbg1XZ2d/yVJFHQu7GfJX2Njws=
-38,21,Y1O90NAEuvXTnDjBNhQWQ4sG9NQ=,Scbg1XZ2d/yVJFHQu7GfJX2Njws=
-34,20,Y1O90NAEuvXTnDjBNhQWQ4sG9NQ=,Scbg1XZ2d/yVJFHQu7GfJX2Njws=
-35,24,Y1O90NAEuvXTnDjBNhQWQ4sG9NQ=,JJqFp+YcacP5DMm1HkAsipERyNg=
-34,24,Y1O90NAEuvXTnDjBNhQWQ4sG9NQ=,JJqFp+YcacP5DMm1HkAsipERyNg=
-39,24,Y1O90NAEuvXTnDjBNhQWQ4sG9NQ=,JJqFp+YcacP5DMm1HkAsipERyNg=
-36,24,Y1O90NAEuvXTnDjBNhQWQ4sG9NQ=,JJqFp+YcacP5DMm1HkAsipERyNg=
-39,21,Y1O90NAEuvXTnDjBNhQWQ4sG9NQ=,Scbg1XZ2d/yVJFHQu7GfJX2Njws=
-33,20,Y1O90NAEuvXTnDjBNhQWQ4sG9NQ=,Scbg1XZ2d/yVJFHQu7GfJX2Njws=
-37,24,Y1O90NAEuvXTnDjBNhQWQ4sG9NQ=,JJqFp+YcacP5DMm1HkAsipERyNg=
-40,21,Y1O90NAEuvXTnDjBNhQWQ4sG9NQ=,Scbg1XZ2d/yVJFHQu7GfJX2Njws=
-34,16,Y1O90NAEuvXTnDjBNhQWQ4sG9NQ=,Scbg1XZ2d/yVJFHQu7GfJX2Njws=
-38,24,Y1O90NAEuvXTnDjBNhQWQ4sG9NQ=,JJqFp+YcacP5DMm1HkAsipERyNg=
-35,16,Y1O90NAEuvXTnDjBNhQWQ4sG9NQ=,Scbg1XZ2d/yVJFHQu7GfJX2Njws=
-44,15,ysVstlDEmhF9v5BmUmb0LhP4tWI=,Scbg1XZ2d/yVJFHQu7GfJX2Njws=
-45,8,ysVstlDEmhF9v5BmUmb0LhP4tWI=,Scbg1XZ2d/yVJFHQu7GfJX2Njws=
-42,13,ysVstlDEmhF9v5BmUmb0LhP4tWI=,Scbg1XZ2d/yVJFHQu7GfJX2Njws=
-44,14,ysVstlDEmhF9v5BmUmb0LhP4tWI=,Scbg1XZ2d/yVJFHQu7GfJX2Njws=
-45,14,ysVstlDEmhF9v5BmUmb0LhP4tWI=,Scbg1XZ2d/yVJFHQu7GfJX2Njws=
-46,14,ysVstlDEmhF9v5BmUmb0LhP4tWI=,Scbg1XZ2d/yVJFHQu7GfJX2Njws=
-43,14,ysVstlDEmhF9v5BmUmb0LhP4tWI=,Scbg1XZ2d/yVJFHQu7GfJX2Njws=
-42,12,ysVstlDEmhF9v5BmUmb0LhP4tWI=,Scbg1XZ2d/yVJFHQu7GfJX2Njws=
-44,13,ysVstlDEmhF9v5BmUmb0LhP4tWI=,Scbg1XZ2d/yVJFHQu7GfJX2Njws=
-44,12,ysVstlDEmhF9v5BmUmb0LhP4tWI=,Scbg1XZ2d/yVJFHQu7GfJX2Njws=
-45,15,ysVstlDEmhF9v5BmUmb0LhP4tWI=,Scbg1XZ2d/yVJFHQu7GfJX2Njws=
-47,14,ysVstlDEmhF9v5BmUmb0LhP4tWI=,Scbg1XZ2d/yVJFHQu7GfJX2Njws=
-48,14,ysVstlDEmhF9v5BmUmb0LhP4tWI=,Scbg1XZ2d/yVJFHQu7GfJX2Njws=
-45,13,ysVstlDEmhF9v5BmUmb0LhP4tWI=,Scbg1XZ2d/yVJFHQu7GfJX2Njws=
-46,13,ysVstlDEmhF9v5BmUmb0LhP4tWI=,Scbg1XZ2d/yVJFHQu7GfJX2Njws=
-46,15,ysVstlDEmhF9v5BmUmb0LhP4tWI=,Scbg1XZ2d/yVJFHQu7GfJX2Njws=
-43,13,ysVstlDEmhF9v5BmUmb0LhP4tWI=,Scbg1XZ2d/yVJFHQu7GfJX2Njws=
-47,13,ysVstlDEmhF9v5BmUmb0LhP4tWI=,Scbg1XZ2d/yVJFHQu7GfJX2Njws=
-47,15,ysVstlDEmhF9v5BmUmb0LhP4tWI=,Scbg1XZ2d/yVJFHQu7GfJX2Njws=
-45,12,ysVstlDEmhF9v5BmUmb0LhP4tWI=,Scbg1XZ2d/yVJFHQu7GfJX2Njws=
-48,15,ysVstlDEmhF9v5BmUmb0LhP4tWI=,Scbg1XZ2d/yVJFHQu7GfJX2Njws=
-48,13,ysVstlDEmhF9v5BmUmb0LhP4tWI=,Scbg1XZ2d/yVJFHQu7GfJX2Njws=
-43,12,ysVstlDEmhF9v5BmUmb0LhP4tWI=,Scbg1XZ2d/yVJFHQu7GfJX2Njws=
-46,8,ysVstlDEmhF9v5BmUmb0LhP4tWI=,Scbg1XZ2d/yVJFHQu7GfJX2Njws=
-46,12,ysVstlDEmhF9v5BmUmb0LhP4tWI=,Scbg1XZ2d/yVJFHQu7GfJX2Njws=
-45,10,ysVstlDEmhF9v5BmUmb0LhP4tWI=,Scbg1XZ2d/yVJFHQu7GfJX2Njws=
-47,8,ysVstlDEmhF9v5BmUmb0LhP4tWI=,Scbg1XZ2d/yVJFHQu7GfJX2Njws=
-47,11,ysVstlDEmhF9v5BmUmb0LhP4tWI=,Scbg1XZ2d/yVJFHQu7GfJX2Njws=
-48,11,ysVstlDEmhF9v5BmUmb0LhP4tWI=,Scbg1XZ2d/yVJFHQu7GfJX2Njws=
-47,12,ysVstlDEmhF9v5BmUmb0LhP4tWI=,Scbg1XZ2d/yVJFHQu7GfJX2Njws=
-46,10,ysVstlDEmhF9v5BmUmb0LhP4tWI=,Scbg1XZ2d/yVJFHQu7GfJX2Njws=
-45,9,ysVstlDEmhF9v5BmUmb0LhP4tWI=,Scbg1XZ2d/yVJFHQu7GfJX2Njws=
-42,11,ysVstlDEmhF9v5BmUmb0LhP4tWI=,Scbg1XZ2d/yVJFHQu7GfJX2Njws=
-44,11,ysVstlDEmhF9v5BmUmb0LhP4tWI=,Scbg1XZ2d/yVJFHQu7GfJX2Njws=
-43,11,ysVstlDEmhF9v5BmUmb0LhP4tWI=,Scbg1XZ2d/yVJFHQu7GfJX2Njws=
-44,10,ysVstlDEmhF9v5BmUmb0LhP4tWI=,Scbg1XZ2d/yVJFHQu7GfJX2Njws=
-46,9,ysVstlDEmhF9v5BmUmb0LhP4tWI=,Scbg1XZ2d/yVJFHQu7GfJX2Njws=
-47,9,ysVstlDEmhF9v5BmUmb0LhP4tWI=,Scbg1XZ2d/yVJFHQu7GfJX2Njws=
-48,9,ysVstlDEmhF9v5BmUmb0LhP4tWI=,Scbg1XZ2d/yVJFHQu7GfJX2Njws=
-47,10,ysVstlDEmhF9v5BmUmb0LhP4tWI=,Scbg1XZ2d/yVJFHQu7GfJX2Njws=
-42,8,ysVstlDEmhF9v5BmUmb0LhP4tWI=,Scbg1XZ2d/yVJFHQu7GfJX2Njws=
-45,11,ysVstlDEmhF9v5BmUmb0LhP4tWI=,Scbg1XZ2d/yVJFHQu7GfJX2Njws=
-48,12,ysVstlDEmhF9v5BmUmb0LhP4tWI=,Scbg1XZ2d/yVJFHQu7GfJX2Njws=
-43,8,ysVstlDEmhF9v5BmUmb0LhP4tWI=,Scbg1XZ2d/yVJFHQu7GfJX2Njws=
-44,8,ysVstlDEmhF9v5BmUmb0LhP4tWI=,Scbg1XZ2d/yVJFHQu7GfJX2Njws=
-48,10,ysVstlDEmhF9v5BmUmb0LhP4tWI=,Scbg1XZ2d/yVJFHQu7GfJX2Njws=
-48,8,ysVstlDEmhF9v5BmUmb0LhP4tWI=,Scbg1XZ2d/yVJFHQu7GfJX2Njws=
-42,10,ysVstlDEmhF9v5BmUmb0LhP4tWI=,Scbg1XZ2d/yVJFHQu7GfJX2Njws=
-43,9,ysVstlDEmhF9v5BmUmb0LhP4tWI=,Scbg1XZ2d/yVJFHQu7GfJX2Njws=
-43,10,ysVstlDEmhF9v5BmUmb0LhP4tWI=,Scbg1XZ2d/yVJFHQu7GfJX2Njws=
-46,11,ysVstlDEmhF9v5BmUmb0LhP4tWI=,Scbg1XZ2d/yVJFHQu7GfJX2Njws=
-42,9,ysVstlDEmhF9v5BmUmb0LhP4tWI=,Scbg1XZ2d/yVJFHQu7GfJX2Njws=
-44,9,ysVstlDEmhF9v5BmUmb0LhP4tWI=,Scbg1XZ2d/yVJFHQu7GfJX2Njws=
-42,14,ysVstlDEmhF9v5BmUmb0LhP4tWI=,Scbg1XZ2d/yVJFHQu7GfJX2Njws=
-43,15,ysVstlDEmhF9v5BmUmb0LhP4tWI=,Scbg1XZ2d/yVJFHQu7GfJX2Njws=
-42,15,ysVstlDEmhF9v5BmUmb0LhP4tWI=,Scbg1XZ2d/yVJFHQu7GfJX2Njws=
-38,5,ZJaMrrP1m3ZpB8Ay0EsCkn9aaRM=,Scbg1XZ2d/yVJFHQu7GfJX2Njws=
-39,5,ZJaMrrP1m3ZpB8Ay0EsCkn9aaRM=,Scbg1XZ2d/yVJFHQu7GfJX2Njws=
-37,5,ZJaMrrP1m3ZpB8Ay0EsCkn9aaRM=,Scbg1XZ2d/yVJFHQu7GfJX2Njws=
-33,4,ZJaMrrP1m3ZpB8Ay0EsCkn9aaRM=,Scbg1XZ2d/yVJFHQu7GfJX2Njws=
-40,5,ZJaMrrP1m3ZpB8Ay0EsCkn9aaRM=,Scbg1XZ2d/yVJFHQu7GfJX2Njws=
-36,5,ZJaMrrP1m3ZpB8Ay0EsCkn9aaRM=,Scbg1XZ2d/yVJFHQu7GfJX2Njws=
-34,4,ZJaMrrP1m3ZpB8Ay0EsCkn9aaRM=,Scbg1XZ2d/yVJFHQu7GfJX2Njws=
-35,4,ZJaMrrP1m3ZpB8Ay0EsCkn9aaRM=,Scbg1XZ2d/yVJFHQu7GfJX2Njws=
-37,4,ZJaMrrP1m3ZpB8Ay0EsCkn9aaRM=,Scbg1XZ2d/yVJFHQu7GfJX2Njws=
-38,4,ZJaMrrP1m3ZpB8Ay0EsCkn9aaRM=,Scbg1XZ2d/yVJFHQu7GfJX2Njws=
-40,4,ZJaMrrP1m3ZpB8Ay0EsCkn9aaRM=,Scbg1XZ2d/yVJFHQu7GfJX2Njws=
-39,4,ZJaMrrP1m3ZpB8Ay0EsCkn9aaRM=,Scbg1XZ2d/yVJFHQu7GfJX2Njws=
-36,4,ZJaMrrP1m3ZpB8Ay0EsCkn9aaRM=,Scbg1XZ2d/yVJFHQu7GfJX2Njws=
-33,3,ZJaMrrP1m3ZpB8Ay0EsCkn9aaRM=,Scbg1XZ2d/yVJFHQu7GfJX2Njws=
-35,5,ZJaMrrP1m3ZpB8Ay0EsCkn9aaRM=,Scbg1XZ2d/yVJFHQu7GfJX2Njws=
-34,3,ZJaMrrP1m3ZpB8Ay0EsCkn9aaRM=,Scbg1XZ2d/yVJFHQu7GfJX2Njws=
-35,3,ZJaMrrP1m3ZpB8Ay0EsCkn9aaRM=,Scbg1XZ2d/yVJFHQu7GfJX2Njws=
-37,3,ZJaMrrP1m3ZpB8Ay0EsCkn9aaRM=,Scbg1XZ2d/yVJFHQu7GfJX2Njws=
-38,3,ZJaMrrP1m3ZpB8Ay0EsCkn9aaRM=,Scbg1XZ2d/yVJFHQu7GfJX2Njws=
-39,3,ZJaMrrP1m3ZpB8Ay0EsCkn9aaRM=,Scbg1XZ2d/yVJFHQu7GfJX2Njws=
-40,3,ZJaMrrP1m3ZpB8Ay0EsCkn9aaRM=,Scbg1XZ2d/yVJFHQu7GfJX2Njws=
-36,3,ZJaMrrP1m3ZpB8Ay0EsCkn9aaRM=,Scbg1XZ2d/yVJFHQu7GfJX2Njws=
-33,2,ZJaMrrP1m3ZpB8Ay0EsCkn9aaRM=,Scbg1XZ2d/yVJFHQu7GfJX2Njws=
-34,5,ZJaMrrP1m3ZpB8Ay0EsCkn9aaRM=,Scbg1XZ2d/yVJFHQu7GfJX2Njws=
-33,5,ZJaMrrP1m3ZpB8Ay0EsCkn9aaRM=,Scbg1XZ2d/yVJFHQu7GfJX2Njws=
-35,2,ZJaMrrP1m3ZpB8Ay0EsCkn9aaRM=,Scbg1XZ2d/yVJFHQu7GfJX2Njws=
-40,6,ZJaMrrP1m3ZpB8Ay0EsCkn9aaRM=,Scbg1XZ2d/yVJFHQu7GfJX2Njws=
-34,2,ZJaMrrP1m3ZpB8Ay0EsCkn9aaRM=,Scbg1XZ2d/yVJFHQu7GfJX2Njws=
-37,2,ZJaMrrP1m3ZpB8Ay0EsCkn9aaRM=,Scbg1XZ2d/yVJFHQu7GfJX2Njws=
-38,2,ZJaMrrP1m3ZpB8Ay0EsCkn9aaRM=,Scbg1XZ2d/yVJFHQu7GfJX2Njws=
-39,2,ZJaMrrP1m3ZpB8Ay0EsCkn9aaRM=,Scbg1XZ2d/yVJFHQu7GfJX2Njws=
-40,2,ZJaMrrP1m3ZpB8Ay0EsCkn9aaRM=,Scbg1XZ2d/yVJFHQu7GfJX2Njws=
-33,1,ZJaMrrP1m3ZpB8Ay0EsCkn9aaRM=,Scbg1XZ2d/yVJFHQu7GfJX2Njws=
-39,6,ZJaMrrP1m3ZpB8Ay0EsCkn9aaRM=,Scbg1XZ2d/yVJFHQu7GfJX2Njws=
-36,2,ZJaMrrP1m3ZpB8Ay0EsCkn9aaRM=,Scbg1XZ2d/yVJFHQu7GfJX2Njws=
-38,6,ZJaMrrP1m3ZpB8Ay0EsCkn9aaRM=,Scbg1XZ2d/yVJFHQu7GfJX2Njws=
-34,1,ZJaMrrP1m3ZpB8Ay0EsCkn9aaRM=,Scbg1XZ2d/yVJFHQu7GfJX2Njws=
-37,6,ZJaMrrP1m3ZpB8Ay0EsCkn9aaRM=,Scbg1XZ2d/yVJFHQu7GfJX2Njws=
-35,1,ZJaMrrP1m3ZpB8Ay0EsCkn9aaRM=,Scbg1XZ2d/yVJFHQu7GfJX2Njws=
-37,1,ZJaMrrP1m3ZpB8Ay0EsCkn9aaRM=,Scbg1XZ2d/yVJFHQu7GfJX2Njws=
-36,1,ZJaMrrP1m3ZpB8Ay0EsCkn9aaRM=,Scbg1XZ2d/yVJFHQu7GfJX2Njws=
-36,6,ZJaMrrP1m3ZpB8Ay0EsCkn9aaRM=,Scbg1XZ2d/yVJFHQu7GfJX2Njws=
-38,1,ZJaMrrP1m3ZpB8Ay0EsCkn9aaRM=,Scbg1XZ2d/yVJFHQu7GfJX2Njws=
-39,1,ZJaMrrP1m3ZpB8Ay0EsCkn9aaRM=,Scbg1XZ2d/yVJFHQu7GfJX2Njws=
-40,1,ZJaMrrP1m3ZpB8Ay0EsCkn9aaRM=,Scbg1XZ2d/yVJFHQu7GfJX2Njws=
-35,6,ZJaMrrP1m3ZpB8Ay0EsCkn9aaRM=,Scbg1XZ2d/yVJFHQu7GfJX2Njws=
-33,0,ZJaMrrP1m3ZpB8Ay0EsCkn9aaRM=,Scbg1XZ2d/yVJFHQu7GfJX2Njws=
-34,0,ZJaMrrP1m3ZpB8Ay0EsCkn9aaRM=,Scbg1XZ2d/yVJFHQu7GfJX2Njws=
-34,6,ZJaMrrP1m3ZpB8Ay0EsCkn9aaRM=,Scbg1XZ2d/yVJFHQu7GfJX2Njws=
-36,0,ZJaMrrP1m3ZpB8Ay0EsCkn9aaRM=,Scbg1XZ2d/yVJFHQu7GfJX2Njws=
-37,0,ZJaMrrP1m3ZpB8Ay0EsCkn9aaRM=,Scbg1XZ2d/yVJFHQu7GfJX2Njws=
-38,0,ZJaMrrP1m3ZpB8Ay0EsCkn9aaRM=,Scbg1XZ2d/yVJFHQu7GfJX2Njws=
-39,0,ZJaMrrP1m3ZpB8Ay0EsCkn9aaRM=,Scbg1XZ2d/yVJFHQu7GfJX2Njws=
-40,0,ZJaMrrP1m3ZpB8Ay0EsCkn9aaRM=,Scbg1XZ2d/yVJFHQu7GfJX2Njws=
-33,6,ZJaMrrP1m3ZpB8Ay0EsCkn9aaRM=,Scbg1XZ2d/yVJFHQu7GfJX2Njws=
-35,0,ZJaMrrP1m3ZpB8Ay0EsCkn9aaRM=,Scbg1XZ2d/yVJFHQu7GfJX2Njws=
-41,13,d81P6q77o6jT3T/uGUVGkYqMZ2I=,Scbg1XZ2d/yVJFHQu7GfJX2Njws=
-41,15,d81P6q77o6jT3T/uGUVGkYqMZ2I=,Scbg1XZ2d/yVJFHQu7GfJX2Njws=
-41,12,d81P6q77o6jT3T/uGUVGkYqMZ2I=,Scbg1XZ2d/yVJFHQu7GfJX2Njws=
-36,15,d81P6q77o6jT3T/uGUVGkYqMZ2I=,Scbg1XZ2d/yVJFHQu7GfJX2Njws=
-38,15,d81P6q77o6jT3T/uGUVGkYqMZ2I=,Scbg1XZ2d/yVJFHQu7GfJX2Njws=
-39,15,d81P6q77o6jT3T/uGUVGkYqMZ2I=,Scbg1XZ2d/yVJFHQu7GfJX2Njws=
-40,15,d81P6q77o6jT3T/uGUVGkYqMZ2I=,Scbg1XZ2d/yVJFHQu7GfJX2Njws=
-37,15,d81P6q77o6jT3T/uGUVGkYqMZ2I=,Scbg1XZ2d/yVJFHQu7GfJX2Njws=
-33,14,d81P6q77o6jT3T/uGUVGkYqMZ2I=,Scbg1XZ2d/yVJFHQu7GfJX2Njws=
-40,8,d81P6q77o6jT3T/uGUVGkYqMZ2I=,Scbg1XZ2d/yVJFHQu7GfJX2Njws=
-34,14,d81P6q77o6jT3T/uGUVGkYqMZ2I=,Scbg1XZ2d/yVJFHQu7GfJX2Njws=
-41,11,d81P6q77o6jT3T/uGUVGkYqMZ2I=,Scbg1XZ2d/yVJFHQu7GfJX2Njws=
-39,8,d81P6q77o6jT3T/uGUVGkYqMZ2I=,Scbg1XZ2d/yVJFHQu7GfJX2Njws=
-35,14,d81P6q77o6jT3T/uGUVGkYqMZ2I=,Scbg1XZ2d/yVJFHQu7GfJX2Njws=
-36,14,d81P6q77o6jT3T/uGUVGkYqMZ2I=,Scbg1XZ2d/yVJFHQu7GfJX2Njws=
-38,14,d81P6q77o6jT3T/uGUVGkYqMZ2I=,Scbg1XZ2d/yVJFHQu7GfJX2Njws=
-39,14,d81P6q77o6jT3T/uGUVGkYqMZ2I=,Scbg1XZ2d/yVJFHQu7GfJX2Njws=
-40,14,d81P6q77o6jT3T/uGUVGkYqMZ2I=,Scbg1XZ2d/yVJFHQu7GfJX2Njws=
-33,13,d81P6q77o6jT3T/uGUVGkYqMZ2I=,Scbg1XZ2d/yVJFHQu7GfJX2Njws=
-38,8,d81P6q77o6jT3T/uGUVGkYqMZ2I=,Scbg1XZ2d/yVJFHQu7GfJX2Njws=
-37,14,d81P6q77o6jT3T/uGUVGkYqMZ2I=,Scbg1XZ2d/yVJFHQu7GfJX2Njws=
-34,13,d81P6q77o6jT3T/uGUVGkYqMZ2I=,Scbg1XZ2d/yVJFHQu7GfJX2Njws=
-37,8,d81P6q77o6jT3T/uGUVGkYqMZ2I=,Scbg1XZ2d/yVJFHQu7GfJX2Njws=
-35,13,d81P6q77o6jT3T/uGUVGkYqMZ2I=,Scbg1XZ2d/yVJFHQu7GfJX2Njws=
-36,13,d81P6q77o6jT3T/uGUVGkYqMZ2I=,Scbg1XZ2d/yVJFHQu7GfJX2Njws=
-38,13,d81P6q77o6jT3T/uGUVGkYqMZ2I=,Scbg1XZ2d/yVJFHQu7GfJX2Njws=
-36,8,d81P6q77o6jT3T/uGUVGkYqMZ2I=,Scbg1XZ2d/yVJFHQu7GfJX2Njws=
-39,13,d81P6q77o6jT3T/uGUVGkYqMZ2I=,Scbg1XZ2d/yVJFHQu7GfJX2Njws=
-40,13,d81P6q77o6jT3T/uGUVGkYqMZ2I=,Scbg1XZ2d/yVJFHQu7GfJX2Njws=
-37,13,d81P6q77o6jT3T/uGUVGkYqMZ2I=,Scbg1XZ2d/yVJFHQu7GfJX2Njws=
-33,12,d81P6q77o6jT3T/uGUVGkYqMZ2I=,Scbg1XZ2d/yVJFHQu7GfJX2Njws=
-35,8,d81P6q77o6jT3T/uGUVGkYqMZ2I=,Scbg1XZ2d/yVJFHQu7GfJX2Njws=
-34,12,d81P6q77o6jT3T/uGUVGkYqMZ2I=,Scbg1XZ2d/yVJFHQu7GfJX2Njws=
-35,12,d81P6q77o6jT3T/uGUVGkYqMZ2I=,Scbg1XZ2d/yVJFHQu7GfJX2Njws=
-34,8,d81P6q77o6jT3T/uGUVGkYqMZ2I=,Scbg1XZ2d/yVJFHQu7GfJX2Njws=
-35,15,d81P6q77o6jT3T/uGUVGkYqMZ2I=,Scbg1XZ2d/yVJFHQu7GfJX2Njws=
-36,12,d81P6q77o6jT3T/uGUVGkYqMZ2I=,Scbg1XZ2d/yVJFHQu7GfJX2Njws=
-33,8,d81P6q77o6jT3T/uGUVGkYqMZ2I=,Scbg1XZ2d/yVJFHQu7GfJX2Njws=
-37,12,d81P6q77o6jT3T/uGUVGkYqMZ2I=,Scbg1XZ2d/yVJFHQu7GfJX2Njws=
-38,12,d81P6q77o6jT3T/uGUVGkYqMZ2I=,Scbg1XZ2d/yVJFHQu7GfJX2Njws=
-34,15,d81P6q77o6jT3T/uGUVGkYqMZ2I=,Scbg1XZ2d/yVJFHQu7GfJX2Njws=
-40,12,d81P6q77o6jT3T/uGUVGkYqMZ2I=,Scbg1XZ2d/yVJFHQu7GfJX2Njws=
-39,12,d81P6q77o6jT3T/uGUVGkYqMZ2I=,Scbg1XZ2d/yVJFHQu7GfJX2Njws=
-40,9,d81P6q77o6jT3T/uGUVGkYqMZ2I=,Scbg1XZ2d/yVJFHQu7GfJX2Njws=
-33,11,d81P6q77o6jT3T/uGUVGkYqMZ2I=,Scbg1XZ2d/yVJFHQu7GfJX2Njws=
-33,7,d81P6q77o6jT3T/uGUVGkYqMZ2I=,Scbg1XZ2d/yVJFHQu7GfJX2Njws=
-39,9,d81P6q77o6jT3T/uGUVGkYqMZ2I=,Scbg1XZ2d/yVJFHQu7GfJX2Njws=
-34,11,d81P6q77o6jT3T/uGUVGkYqMZ2I=,Scbg1XZ2d/yVJFHQu7GfJX2Njws=
-35,11,d81P6q77o6jT3T/uGUVGkYqMZ2I=,Scbg1XZ2d/yVJFHQu7GfJX2Njws=
-38,9,d81P6q77o6jT3T/uGUVGkYqMZ2I=,Scbg1XZ2d/yVJFHQu7GfJX2Njws=
-36,11,d81P6q77o6jT3T/uGUVGkYqMZ2I=,Scbg1XZ2d/yVJFHQu7GfJX2Njws=
-41,10,d81P6q77o6jT3T/uGUVGkYqMZ2I=,Scbg1XZ2d/yVJFHQu7GfJX2Njws=
-37,9,d81P6q77o6jT3T/uGUVGkYqMZ2I=,Scbg1XZ2d/yVJFHQu7GfJX2Njws=
-37,11,d81P6q77o6jT3T/uGUVGkYqMZ2I=,Scbg1XZ2d/yVJFHQu7GfJX2Njws=
-38,11,d81P6q77o6jT3T/uGUVGkYqMZ2I=,Scbg1XZ2d/yVJFHQu7GfJX2Njws=
-36,9,d81P6q77o6jT3T/uGUVGkYqMZ2I=,Scbg1XZ2d/yVJFHQu7GfJX2Njws=
-40,11,d81P6q77o6jT3T/uGUVGkYqMZ2I=,Scbg1XZ2d/yVJFHQu7GfJX2Njws=
-41,14,d81P6q77o6jT3T/uGUVGkYqMZ2I=,Scbg1XZ2d/yVJFHQu7GfJX2Njws=
-39,11,d81P6q77o6jT3T/uGUVGkYqMZ2I=,Scbg1XZ2d/yVJFHQu7GfJX2Njws=
-35,9,d81P6q77o6jT3T/uGUVGkYqMZ2I=,Scbg1XZ2d/yVJFHQu7GfJX2Njws=
-33,10,d81P6q77o6jT3T/uGUVGkYqMZ2I=,Scbg1XZ2d/yVJFHQu7GfJX2Njws=
-34,10,d81P6q77o6jT3T/uGUVGkYqMZ2I=,Scbg1XZ2d/yVJFHQu7GfJX2Njws=
-41,8,d81P6q77o6jT3T/uGUVGkYqMZ2I=,Scbg1XZ2d/yVJFHQu7GfJX2Njws=
-41,9,d81P6q77o6jT3T/uGUVGkYqMZ2I=,Scbg1XZ2d/yVJFHQu7GfJX2Njws=
-35,10,d81P6q77o6jT3T/uGUVGkYqMZ2I=,Scbg1XZ2d/yVJFHQu7GfJX2Njws=
-34,9,d81P6q77o6jT3T/uGUVGkYqMZ2I=,Scbg1XZ2d/yVJFHQu7GfJX2Njws=
-33,9,d81P6q77o6jT3T/uGUVGkYqMZ2I=,Scbg1XZ2d/yVJFHQu7GfJX2Njws=
-33,15,d81P6q77o6jT3T/uGUVGkYqMZ2I=,Scbg1XZ2d/yVJFHQu7GfJX2Njws=
-36,10,d81P6q77o6jT3T/uGUVGkYqMZ2I=,Scbg1XZ2d/yVJFHQu7GfJX2Njws=
-40,10,d81P6q77o6jT3T/uGUVGkYqMZ2I=,Scbg1XZ2d/yVJFHQu7GfJX2Njws=
-34,7,d81P6q77o6jT3T/uGUVGkYqMZ2I=,Scbg1XZ2d/yVJFHQu7GfJX2Njws=
-35,7,d81P6q77o6jT3T/uGUVGkYqMZ2I=,Scbg1XZ2d/yVJFHQu7GfJX2Njws=
-36,7,d81P6q77o6jT3T/uGUVGkYqMZ2I=,Scbg1XZ2d/yVJFHQu7GfJX2Njws=
-39,10,d81P6q77o6jT3T/uGUVGkYqMZ2I=,Scbg1XZ2d/yVJFHQu7GfJX2Njws=
-37,10,d81P6q77o6jT3T/uGUVGkYqMZ2I=,Scbg1XZ2d/yVJFHQu7GfJX2Njws=
-37,7,d81P6q77o6jT3T/uGUVGkYqMZ2I=,Scbg1XZ2d/yVJFHQu7GfJX2Njws=
-38,10,d81P6q77o6jT3T/uGUVGkYqMZ2I=,Scbg1XZ2d/yVJFHQu7GfJX2Njws=
-40,7,d81P6q77o6jT3T/uGUVGkYqMZ2I=,Scbg1XZ2d/yVJFHQu7GfJX2Njws=
-38,7,d81P6q77o6jT3T/uGUVGkYqMZ2I=,Scbg1XZ2d/yVJFHQu7GfJX2Njws=
-39,7,d81P6q77o6jT3T/uGUVGkYqMZ2I=,Scbg1XZ2d/yVJFHQu7GfJX2Njws=
