-196,-233,zVTeCC36D0UnWmLuzmHNoFEs+/c=,Scbg1XZ2d/yVJFHQu7GfJX2Njws=
-197,-233,zVTeCC36D0UnWmLuzmHNoFEs+/c=,Scbg1XZ2d/yVJFHQu7GfJX2Njws=
-198,-233,zVTeCC36D0UnWmLuzmHNoFEs+/c=,Scbg1XZ2d/yVJFHQu7GfJX2Njws=
-195,-233,zVTeCC36D0UnWmLuzmHNoFEs+/c=,Scbg1XZ2d/yVJFHQu7GfJX2Njws=
-194,-236,zVTeCC36D0UnWmLuzmHNoFEs+/c=,Scbg1XZ2d/yVJFHQu7GfJX2Njws=
-194,-233,zVTeCC36D0UnWmLuzmHNoFEs+/c=,Scbg1XZ2d/yVJFHQu7GfJX2Njws=
-193,-233,zVTeCC36D0UnWmLuzmHNoFEs+/c=,Scbg1XZ2d/yVJFHQu7GfJX2Njws=
-199,-237,zVTeCC36D0UnWmLuzmHNoFEs+/c=,Scbg1XZ2d/yVJFHQu7GfJX2Njws=
-196,-235,zVTeCC36D0UnWmLuzmHNoFEs+/c=,Scbg1XZ2d/yVJFHQu7GfJX2Njws=
-197,-235,zVTeCC36D0UnWmLuzmHNoFEs+/c=,Scbg1XZ2d/yVJFHQu7GfJX2Njws=
-199,-233,zVTeCC36D0UnWmLuzmHNoFEs+/c=,Scbg1XZ2d/yVJFHQu7GfJX2Njws=
-200,-236,zVTeCC36D0UnWmLuzmHNoFEs+/c=,Scbg1XZ2d/yVJFHQu7GfJX2Njws=
-197,-239,zVTeCC36D0UnWmLuzmHNoFEs+/c=,Scbg1XZ2d/yVJFHQu7GfJX2Njws=
-200,-233,zVTeCC36D0UnWmLuzmHNoFEs+/c=,Scbg1XZ2d/yVJFHQu7GfJX2Njws=
-195,-235,zVTeCC36D0UnWmLuzmHNoFEs+/c=,Scbg1XZ2d/yVJFHQu7GfJX2Njws=
-195,-236,zVTeCC36D0UnWmLuzmHNoFEs+/c=,Scbg1XZ2d/yVJFHQu7GfJX2Njws=
-196,-239,zVTeCC36D0UnWmLuzmHNoFEs+/c=,Scbg1XZ2d/yVJFHQu7GfJX2Njws=
-193,-237,zVTeCC36D0UnWmLuzmHNoFEs+/c=,Scbg1XZ2d/yVJFHQu7GfJX2Njws=
-194,-237,zVTeCC36D0UnWmLuzmHNoFEs+/c=,Scbg1XZ2d/yVJFHQu7GfJX2Njws=
-193,-234,zVTeCC36D0UnWmLuzmHNoFEs+/c=,Scbg1XZ2d/yVJFHQu7GfJX2Njws=
-195,-237,zVTeCC36D0UnWmLuzmHNoFEs+/c=,Scbg1XZ2d/yVJFHQu7GfJX2Njws=
-198,-237,zVTeCC36D0UnWmLuzmHNoFEs+/c=,Scbg1XZ2d/yVJFHQu7GfJX2Njws=
-198,-235,zVTeCC36D0UnWmLuzmHNoFEs+/c=,Scbg1XZ2d/yVJFHQu7GfJX2Njws=
-194,-234,zVTeCC36D0UnWmLuzmHNoFEs+/c=,Scbg1XZ2d/yVJFHQu7GfJX2Njws=
-195,-239,zVTeCC36D0UnWmLuzmHNoFEs+/c=,Scbg1XZ2d/yVJFHQu7GfJX2Njws=
-196,-236,zVTeCC36D0UnWmLuzmHNoFEs+/c=,Scbg1XZ2d/yVJFHQu7GfJX2Njws=
-194,-235,zVTeCC36D0UnWmLuzmHNoFEs+/c=,Scbg1XZ2d/yVJFHQu7GfJX2Njws=
-199,-236,zVTeCC36D0UnWmLuzmHNoFEs+/c=,Scbg1XZ2d/yVJFHQu7GfJX2Njws=
-198,-239,zVTeCC36D0UnWmLuzmHNoFEs+/c=,Scbg1XZ2d/yVJFHQu7GfJX2Njws=
-199,-235,zVTeCC36D0UnWmLuzmHNoFEs+/c=,Scbg1XZ2d/yVJFHQu7GfJX2Njws=
-200,-235,zVTeCC36D0UnWmLuzmHNoFEs+/c=,Scbg1XZ2d/yVJFHQu7GfJX2Njws=
-193,-236,zVTeCC36D0UnWmLuzmHNoFEs+/c=,Scbg1XZ2d/yVJFHQu7GfJX2Njws=
-199,-239,zVTeCC36D0UnWmLuzmHNoFEs+/c=,Scbg1XZ2d/yVJFHQu7GfJX2Njws=
-193,-235,zVTeCC36D0UnWmLuzmHNoFEs+/c=,Scbg1XZ2d/yVJFHQu7GfJX2Njws=
-197,-236,zVTeCC36D0UnWmLuzmHNoFEs+/c=,Scbg1XZ2d/yVJFHQu7GfJX2Njws=
-200,-239,zVTeCC36D0UnWmLuzmHNoFEs+/c=,Scbg1XZ2d/yVJFHQu7GfJX2Njws=
-200,-234,zVTeCC36D0UnWmLuzmHNoFEs+/c=,Scbg1XZ2d/yVJFHQu7GfJX2Njws=
-200,-237,zVTeCC36D0UnWmLuzmHNoFEs+/c=,Scbg1XZ2d/yVJFHQu7GfJX2Njws=
-197,-237,zVTeCC36D0UnWmLuzmHNoFEs+/c=,Scbg1XZ2d/yVJFHQu7GfJX2Njws=
-193,-238,zVTeCC36D0UnWmLuzmHNoFEs+/c=,Scbg1XZ2d/yVJFHQu7GfJX2Njws=
-195,-234,zVTeCC36D0UnWmLuzmHNoFEs+/c=,Scbg1XZ2d/yVJFHQu7GfJX2Njws=
-194,-238,zVTeCC36D0UnWmLuzmHNoFEs+/c=,Scbg1XZ2d/yVJFHQu7GfJX2Njws=
-199,-238,zVTeCC36D0UnWmLuzmHNoFEs+/c=,Scbg1XZ2d/yVJFHQu7GfJX2Njws=
-195,-238,zVTeCC36D0UnWmLuzmHNoFEs+/c=,Scbg1XZ2d/yVJFHQu7GfJX2Njws=
-194,-239,zVTeCC36D0UnWmLuzmHNoFEs+/c=,Scbg1XZ2d/yVJFHQu7GfJX2Njws=
-196,-238,zVTeCC36D0UnWmLuzmHNoFEs+/c=,Scbg1XZ2d/yVJFHQu7GfJX2Njws=
-198,-238,zVTeCC36D0UnWmLuzmHNoFEs+/c=,Scbg1XZ2d/yVJFHQu7GfJX2Njws=
-193,-239,zVTeCC36D0UnWmLuzmHNoFEs+/c=,Scbg1XZ2d/yVJFHQu7GfJX2Njws=
-200,-238,zVTeCC36D0UnWmLuzmHNoFEs+/c=,Scbg1XZ2d/yVJFHQu7GfJX2Njws=
-196,-234,zVTeCC36D0UnWmLuzmHNoFEs+/c=,Scbg1XZ2d/yVJFHQu7GfJX2Njws=
-197,-238,zVTeCC36D0UnWmLuzmHNoFEs+/c=,Scbg1XZ2d/yVJFHQu7GfJX2Njws=
-196,-237,zVTeCC36D0UnWmLuzmHNoFEs+/c=,Scbg1XZ2d/yVJFHQu7GfJX2Njws=
-197,-234,zVTeCC36D0UnWmLuzmHNoFEs+/c=,Scbg1XZ2d/yVJFHQu7GfJX2Njws=
-199,-234,zVTeCC36D0UnWmLuzmHNoFEs+/c=,Scbg1XZ2d/yVJFHQu7GfJX2Njws=
-198,-236,zVTeCC36D0UnWmLuzmHNoFEs+/c=,Scbg1XZ2d/yVJFHQu7GfJX2Njws=
-198,-234,zVTeCC36D0UnWmLuzmHNoFEs+/c=,Scbg1XZ2d/yVJFHQu7GfJX2Njws=
-196,-240,zVTeCC36D0UnWmLuzmHNoFEs+/c=,Scbg1XZ2d/yVJFHQu7GfJX2Njws=
-197,-240,zVTeCC36D0UnWmLuzmHNoFEs+/c=,Scbg1XZ2d/yVJFHQu7GfJX2Njws=
-200,-240,zVTeCC36D0UnWmLuzmHNoFEs+/c=,Scbg1XZ2d/yVJFHQu7GfJX2Njws=
-199,-240,zVTeCC36D0UnWmLuzmHNoFEs+/c=,Scbg1XZ2d/yVJFHQu7GfJX2Njws=
-198,-240,zVTeCC36D0UnWmLuzmHNoFEs+/c=,Scbg1XZ2d/yVJFHQu7GfJX2Njws=
-195,-240,zVTeCC36D0UnWmLuzmHNoFEs+/c=,Scbg1XZ2d/yVJFHQu7GfJX2Njws=
-193,-240,zVTeCC36D0UnWmLuzmHNoFEs+/c=,Scbg1XZ2d/yVJFHQu7GfJX2Njws=
-194,-240,zVTeCC36D0UnWmLuzmHNoFEs+/c=,Scbg1XZ2d/yVJFHQu7GfJX2Njws=
-197,-245,lQ3goMG6oAUFc8imNJdaPy498r4=,Scbg1XZ2d/yVJFHQu7GfJX2Njws=
-194,-246,lQ3goMG6oAUFc8imNJdaPy498r4=,Scbg1XZ2d/yVJFHQu7GfJX2Njws=
-193,-246,lQ3goMG6oAUFc8imNJdaPy498r4=,Scbg1XZ2d/yVJFHQu7GfJX2Njws=
-196,-245,lQ3goMG6oAUFc8imNJdaPy498r4=,Scbg1XZ2d/yVJFHQu7GfJX2Njws=
-195,-245,lQ3goMG6oAUFc8imNJdaPy498r4=,Scbg1XZ2d/yVJFHQu7GfJX2Njws=
-194,-245,lQ3goMG6oAUFc8imNJdaPy498r4=,Scbg1XZ2d/yVJFHQu7GfJX2Njws=
-195,-246,lQ3goMG6oAUFc8imNJdaPy498r4=,Scbg1XZ2d/yVJFHQu7GfJX2Njws=
-193,-245,lQ3goMG6oAUFc8imNJdaPy498r4=,Scbg1XZ2d/yVJFHQu7GfJX2Njws=
-198,-245,lQ3goMG6oAUFc8imNJdaPy498r4=,Scbg1XZ2d/yVJFHQu7GfJX2Njws=
-199,-244,lQ3goMG6oAUFc8imNJdaPy498r4=,Scbg1XZ2d/yVJFHQu7GfJX2Njws=
-198,-244,lQ3goMG6oAUFc8imNJdaPy498r4=,Scbg1XZ2d/yVJFHQu7GfJX2Njws=
-197,-244,lQ3goMG6oAUFc8imNJdaPy498r4=,Scbg1XZ2d/yVJFHQu7GfJX2Njws=
-196,-248,lQ3goMG6oAUFc8imNJdaPy498r4=,Scbg1XZ2d/yVJFHQu7GfJX2Njws=
-198,-247,lQ3goMG6oAUFc8imNJdaPy498r4=,Scbg1XZ2d/yVJFHQu7GfJX2Njws=
-196,-244,lQ3goMG6oAUFc8imNJdaPy498r4=,Scbg1XZ2d/yVJFHQu7GfJX2Njws=
-199,-248,lQ3goMG6oAUFc8imNJdaPy498r4=,Scbg1XZ2d/yVJFHQu7GfJX2Njws=
-195,-244,lQ3goMG6oAUFc8imNJdaPy498r4=,Scbg1XZ2d/yVJFHQu7GfJX2Njws=
-193,-244,lQ3goMG6oAUFc8imNJdaPy498r4=,Scbg1XZ2d/yVJFHQu7GfJX2Njws=
-194,-244,lQ3goMG6oAUFc8imNJdaPy498r4=,Scbg1XZ2d/yVJFHQu7GfJX2Njws=
-193,-241,lQ3goMG6oAUFc8imNJdaPy498r4=,Scbg1XZ2d/yVJFHQu7GfJX2Njws=
-194,-241,lQ3goMG6oAUFc8imNJdaPy498r4=,Scbg1XZ2d/yVJFHQu7GfJX2Njws=
-199,-245,lQ3goMG6oAUFc8imNJdaPy498r4=,Scbg1XZ2d/yVJFHQu7GfJX2Njws=
-193,-247,lQ3goMG6oAUFc8imNJdaPy498r4=,Scbg1XZ2d/yVJFHQu7GfJX2Njws=
-199,-247,lQ3goMG6oAUFc8imNJdaPy498r4=,Scbg1XZ2d/yVJFHQu7GfJX2Njws=
-197,-248,lQ3goMG6oAUFc8imNJdaPy498r4=,Scbg1XZ2d/yVJFHQu7GfJX2Njws=
-199,-243,lQ3goMG6oAUFc8imNJdaPy498r4=,Scbg1XZ2d/yVJFHQu7GfJX2Njws=
-198,-243,lQ3goMG6oAUFc8imNJdaPy498r4=,Scbg1XZ2d/yVJFHQu7GfJX2Njws=
-195,-241,lQ3goMG6oAUFc8imNJdaPy498r4=,Scbg1XZ2d/yVJFHQu7GfJX2Njws=
-196,-241,lQ3goMG6oAUFc8imNJdaPy498r4=,Scbg1XZ2d/yVJFHQu7GfJX2Njws=
-197,-243,lQ3goMG6oAUFc8imNJdaPy498r4=,Scbg1XZ2d/yVJFHQu7GfJX2Njws=
-196,-243,lQ3goMG6oAUFc8imNJdaPy498r4=,Scbg1XZ2d/yVJFHQu7GfJX2Njws=
-195,-243,lQ3goMG6oAUFc8imNJdaPy498r4=,Scbg1XZ2d/yVJFHQu7GfJX2Njws=
-194,-243,lQ3goMG6oAUFc8imNJdaPy498r4=,Scbg1XZ2d/yVJFHQu7GfJX2Njws=
-195,-248,lQ3goMG6oAUFc8imNJdaPy498r4=,Scbg1XZ2d/yVJFHQu7GfJX2Njws=
-197,-247,lQ3goMG6oAUFc8imNJdaPy498r4=,Scbg1XZ2d/yVJFHQu7GfJX2Njws=
-193,-243,lQ3goMG6oAUFc8imNJdaPy498r4=,Scbg1XZ2d/yVJFHQu7GfJX2Njws=
-198,-241,lQ3goMG6oAUFc8imNJdaPy498r4=,Scbg1XZ2d/yVJFHQu7GfJX2Njws=
-199,-241,lQ3goMG6oAUFc8imNJdaPy498r4=,Scbg1XZ2d/yVJFHQu7GfJX2Njws=
-197,-241,lQ3goMG6oAUFc8imNJdaPy498r4=,Scbg1XZ2d/yVJFHQu7GfJX2Njws=
-193,-242,lQ3goMG6oAUFc8imNJdaPy498r4=,Scbg1XZ2d/yVJFHQu7GfJX2Njws=
-196,-246,lQ3goMG6oAUFc8imNJdaPy498r4=,Scbg1XZ2d/yVJFHQu7GfJX2Njws=
-199,-242,lQ3goMG6oAUFc8imNJdaPy498r4=,Scbg1XZ2d/yVJFHQu7GfJX2Njws=
-194,-242,lQ3goMG6oAUFc8imNJdaPy498r4=,Scbg1XZ2d/yVJFHQu7GfJX2Njws=
-194,-247,lQ3goMG6oAUFc8imNJdaPy498r4=,Scbg1XZ2d/yVJFHQu7GfJX2Njws=
-193,-248,lQ3goMG6oAUFc8imNJdaPy498r4=,Scbg1XZ2d/yVJFHQu7GfJX2Njws=
-195,-242,lQ3goMG6oAUFc8imNJdaPy498r4=,Scbg1XZ2d/yVJFHQu7GfJX2Njws=
-195,-247,lQ3goMG6oAUFc8imNJdaPy498r4=,Scbg1XZ2d/yVJFHQu7GfJX2Njws=
-198,-248,lQ3goMG6oAUFc8imNJdaPy498r4=,Scbg1XZ2d/yVJFHQu7GfJX2Njws=
-197,-246,lQ3goMG6oAUFc8imNJdaPy498r4=,Scbg1XZ2d/yVJFHQu7GfJX2Njws=
-198,-246,lQ3goMG6oAUFc8imNJdaPy498r4=,Scbg1XZ2d/yVJFHQu7GfJX2Njws=
-199,-246,lQ3goMG6oAUFc8imNJdaPy498r4=,Scbg1XZ2d/yVJFHQu7GfJX2Njws=
-196,-247,lQ3goMG6oAUFc8imNJdaPy498r4=,Scbg1XZ2d/yVJFHQu7GfJX2Njws=
-196,-242,lQ3goMG6oAUFc8imNJdaPy498r4=,Scbg1XZ2d/yVJFHQu7GfJX2Njws=
-194,-248,lQ3goMG6oAUFc8imNJdaPy498r4=,Scbg1XZ2d/yVJFHQu7GfJX2Njws=
-198,-242,lQ3goMG6oAUFc8imNJdaPy498r4=,Scbg1XZ2d/yVJFHQu7GfJX2Njws=
-197,-242,lQ3goMG6oAUFc8imNJdaPy498r4=,Scbg1XZ2d/yVJFHQu7GfJX2Njws=
-205,-243,lQ3goMG6oAUFc8imNJdaPy498r4=,Scbg1XZ2d/yVJFHQu7GfJX2Njws=
-207,-243,lQ3goMG6oAUFc8imNJdaPy498r4=,Scbg1XZ2d/yVJFHQu7GfJX2Njws=
-206,-243,lQ3goMG6oAUFc8imNJdaPy498r4=,Scbg1XZ2d/yVJFHQu7GfJX2Njws=
-208,-243,lQ3goMG6oAUFc8imNJdaPy498r4=,Scbg1XZ2d/yVJFHQu7GfJX2Njws=
-201,-244,lQ3goMG6oAUFc8imNJdaPy498r4=,Scbg1XZ2d/yVJFHQu7GfJX2Njws=
-204,-243,lQ3goMG6oAUFc8imNJdaPy498r4=,Scbg1XZ2d/yVJFHQu7GfJX2Njws=
-202,-244,lQ3goMG6oAUFc8imNJdaPy498r4=,Scbg1XZ2d/yVJFHQu7GfJX2Njws=
-200,-247,lQ3goMG6oAUFc8imNJdaPy498r4=,Scbg1XZ2d/yVJFHQu7GfJX2Njws=
-203,-244,lQ3goMG6oAUFc8imNJdaPy498r4=,Scbg1XZ2d/yVJFHQu7GfJX2Njws=
-204,-244,lQ3goMG6oAUFc8imNJdaPy498r4=,Scbg1XZ2d/yVJFHQu7GfJX2Njws=
-203,-243,lQ3goMG6oAUFc8imNJdaPy498r4=,Scbg1XZ2d/yVJFHQu7GfJX2Njws=
-205,-244,lQ3goMG6oAUFc8imNJdaPy498r4=,Scbg1XZ2d/yVJFHQu7GfJX2Njws=
-200,-241,lQ3goMG6oAUFc8imNJdaPy498r4=,Scbg1XZ2d/yVJFHQu7GfJX2Njws=
-207,-244,lQ3goMG6oAUFc8imNJdaPy498r4=,Scbg1XZ2d/yVJFHQu7GfJX2Njws=
-206,-244,lQ3goMG6oAUFc8imNJdaPy498r4=,Scbg1XZ2d/yVJFHQu7GfJX2Njws=
-208,-244,lQ3goMG6oAUFc8imNJdaPy498r4=,Scbg1XZ2d/yVJFHQu7GfJX2Njws=
-201,-245,lQ3goMG6oAUFc8imNJdaPy498r4=,Scbg1XZ2d/yVJFHQu7GfJX2Njws=
-202,-245,lQ3goMG6oAUFc8imNJdaPy498r4=,Scbg1XZ2d/yVJFHQu7GfJX2Njws=
-200,-242,lQ3goMG6oAUFc8imNJdaPy498r4=,Scbg1XZ2d/yVJFHQu7GfJX2Njws=
-202,-243,lQ3goMG6oAUFc8imNJdaPy498r4=,Scbg1XZ2d/yVJFHQu7GfJX2Njws=
-200,-245,lQ3goMG6oAUFc8imNJdaPy498r4=,Scbg1XZ2d/yVJFHQu7GfJX2Njws=
-200,-248,lQ3goMG6oAUFc8imNJdaPy498r4=,Scbg1XZ2d/yVJFHQu7GfJX2Njws=
-208,-248,lQ3goMG6oAUFc8imNJdaPy498r4=,Scbg1XZ2d/yVJFHQu7GfJX2Njws=
-207,-248,lQ3goMG6oAUFc8imNJdaPy498r4=,Scbg1XZ2d/yVJFHQu7GfJX2Njws=
-203,-245,lQ3goMG6oAUFc8imNJdaPy498r4=,Scbg1XZ2d/yVJFHQu7GfJX2Njws=
-201,-243,lQ3goMG6oAUFc8imNJdaPy498r4=,Scbg1XZ2d/yVJFHQu7GfJX2Njws=
-208,-242,lQ3goMG6oAUFc8imNJdaPy498r4=,Scbg1XZ2d/yVJFHQu7GfJX2Njws=
-206,-248,lQ3goMG6oAUFc8imNJdaPy498r4=,Scbg1XZ2d/yVJFHQu7GfJX2Njws=
-207,-242,lQ3goMG6oAUFc8imNJdaPy498r4=,Scbg1XZ2d/yVJFHQu7GfJX2Njws=
-206,-242,lQ3goMG6oAUFc8imNJdaPy498r4=,Scbg1XZ2d/yVJFHQu7GfJX2Njws=
-205,-248,lQ3goMG6oAUFc8imNJdaPy498r4=,Scbg1XZ2d/yVJFHQu7GfJX2Njws=
-204,-248,lQ3goMG6oAUFc8imNJdaPy498r4=,Scbg1XZ2d/yVJFHQu7GfJX2Njws=
-203,-248,lQ3goMG6oAUFc8imNJdaPy498r4=,Scbg1XZ2d/yVJFHQu7GfJX2Njws=
-202,-248,lQ3goMG6oAUFc8imNJdaPy498r4=,Scbg1XZ2d/yVJFHQu7GfJX2Njws=
-204,-245,lQ3goMG6oAUFc8imNJdaPy498r4=,Scbg1XZ2d/yVJFHQu7GfJX2Njws=
-200,-246,lQ3goMG6oAUFc8imNJdaPy498r4=,Scbg1XZ2d/yVJFHQu7GfJX2Njws=
-201,-248,lQ3goMG6oAUFc8imNJdaPy498r4=,Scbg1XZ2d/yVJFHQu7GfJX2Njws=
-201,-241,lQ3goMG6oAUFc8imNJdaPy498r4=,Scbg1XZ2d/yVJFHQu7GfJX2Njws=
-205,-245,lQ3goMG6oAUFc8imNJdaPy498r4=,Scbg1XZ2d/yVJFHQu7GfJX2Njws=
-208,-247,lQ3goMG6oAUFc8imNJdaPy498r4=,Scbg1XZ2d/yVJFHQu7GfJX2Njws=
-205,-242,lQ3goMG6oAUFc8imNJdaPy498r4=,Scbg1XZ2d/yVJFHQu7GfJX2Njws=
-207,-247,lQ3goMG6oAUFc8imNJdaPy498r4=,Scbg1XZ2d/yVJFHQu7GfJX2Njws=
-206,-245,lQ3goMG6oAUFc8imNJdaPy498r4=,Scbg1XZ2d/yVJFHQu7GfJX2Njws=
-207,-245,lQ3goMG6oAUFc8imNJdaPy498r4=,Scbg1XZ2d/yVJFHQu7GfJX2Njws=
-200,-244,lQ3goMG6oAUFc8imNJdaPy498r4=,Scbg1XZ2d/yVJFHQu7GfJX2Njws=
-204,-242,lQ3goMG6oAUFc8imNJdaPy498r4=,Scbg1XZ2d/yVJFHQu7GfJX2Njws=
-208,-245,lQ3goMG6oAUFc8imNJdaPy498r4=,Scbg1XZ2d/yVJFHQu7GfJX2Njws=
-201,-246,lQ3goMG6oAUFc8imNJdaPy498r4=,Scbg1XZ2d/yVJFHQu7GfJX2Njws=
-202,-246,lQ3goMG6oAUFc8imNJdaPy498r4=,Scbg1XZ2d/yVJFHQu7GfJX2Njws=
-203,-246,lQ3goMG6oAUFc8imNJdaPy498r4=,Scbg1XZ2d/yVJFHQu7GfJX2Njws=
-206,-247,lQ3goMG6oAUFc8imNJdaPy498r4=,Scbg1XZ2d/yVJFHQu7GfJX2Njws=
-205,-247,lQ3goMG6oAUFc8imNJdaPy498r4=,Scbg1XZ2d/yVJFHQu7GfJX2Njws=
-204,-246,lQ3goMG6oAUFc8imNJdaPy498r4=,Scbg1XZ2d/yVJFHQu7GfJX2Njws=
-200,-243,lQ3goMG6oAUFc8imNJdaPy498r4=,Scbg1XZ2d/yVJFHQu7GfJX2Njws=
-202,-241,lQ3goMG6oAUFc8imNJdaPy498r4=,Scbg1XZ2d/yVJFHQu7GfJX2Njws=
-203,-242,lQ3goMG6oAUFc8imNJdaPy498r4=,Scbg1XZ2d/yVJFHQu7GfJX2Njws=
-202,-242,lQ3goMG6oAUFc8imNJdaPy498r4=,Scbg1XZ2d/yVJFHQu7GfJX2Njws=
-205,-246,lQ3goMG6oAUFc8imNJdaPy498r4=,Scbg1XZ2d/yVJFHQu7GfJX2Njws=
-201,-242,lQ3goMG6oAUFc8imNJdaPy498r4=,Scbg1XZ2d/yVJFHQu7GfJX2Njws=
-208,-241,lQ3goMG6oAUFc8imNJdaPy498r4=,Scbg1XZ2d/yVJFHQu7GfJX2Njws=
-207,-241,lQ3goMG6oAUFc8imNJdaPy498r4=,Scbg1XZ2d/yVJFHQu7GfJX2Njws=
-206,-241,lQ3goMG6oAUFc8imNJdaPy498r4=,Scbg1XZ2d/yVJFHQu7GfJX2Njws=
-203,-247,lQ3goMG6oAUFc8imNJdaPy498r4=,Scbg1XZ2d/yVJFHQu7GfJX2Njws=
-202,-247,lQ3goMG6oAUFc8imNJdaPy498r4=,Scbg1XZ2d/yVJFHQu7GfJX2Njws=
-201,-247,lQ3goMG6oAUFc8imNJdaPy498r4=,Scbg1XZ2d/yVJFHQu7GfJX2Njws=
-204,-247,lQ3goMG6oAUFc8imNJdaPy498r4=,Scbg1XZ2d/yVJFHQu7GfJX2Njws=
-205,-241,lQ3goMG6oAUFc8imNJdaPy498r4=,Scbg1XZ2d/yVJFHQu7GfJX2Njws=
-206,-246,lQ3goMG6oAUFc8imNJdaPy498r4=,Scbg1XZ2d/yVJFHQu7GfJX2Njws=
-203,-241,lQ3goMG6oAUFc8imNJdaPy498r4=,Scbg1XZ2d/yVJFHQu7GfJX2Njws=
-204,-241,lQ3goMG6oAUFc8imNJdaPy498r4=,Scbg1XZ2d/yVJFHQu7GfJX2Njws=
-207,-246,lQ3goMG6oAUFc8imNJdaPy498r4=,Scbg1XZ2d/yVJFHQu7GfJX2Njws=
-208,-246,lQ3goMG6oAUFc8imNJdaPy498r4=,Scbg1XZ2d/yVJFHQu7GfJX2Njws=
-209,-250,rA6Nko5okOQ18g3dW3EVzb8Fyds=,JJqFp+YcacP5DMm1HkAsipERyNg=
-216,-256,x4NWfXiOUn5USkMmQ7KpBaXuVg4=,JJqFp+YcacP5DMm1HkAsipERyNg=
-215,-256,x4NWfXiOUn5USkMmQ7KpBaXuVg4=,JJqFp+YcacP5DMm1HkAsipERyNg=
-214,-256,x4NWfXiOUn5USkMmQ7KpBaXuVg4=,JJqFp+YcacP5DMm1HkAsipERyNg=
-213,-256,x4NWfXiOUn5USkMmQ7KpBaXuVg4=,JJqFp+YcacP5DMm1HkAsipERyNg=
-212,-256,x4NWfXiOUn5USkMmQ7KpBaXuVg4=,JJqFp+YcacP5DMm1HkAsipERyNg=
-211,-256,x4NWfXiOUn5USkMmQ7KpBaXuVg4=,JJqFp+YcacP5DMm1HkAsipERyNg=
-209,-256,x4NWfXiOUn5USkMmQ7KpBaXuVg4=,JJqFp+YcacP5DMm1HkAsipERyNg=
-210,-256,x4NWfXiOUn5USkMmQ7KpBaXuVg4=,JJqFp+YcacP5DMm1HkAsipERyNg=
-216,-255,x4NWfXiOUn5USkMmQ7KpBaXuVg4=,JJqFp+YcacP5DMm1HkAsipERyNg=
-215,-255,x4NWfXiOUn5USkMmQ7KpBaXuVg4=,JJqFp+YcacP5DMm1HkAsipERyNg=
-214,-255,x4NWfXiOUn5USkMmQ7KpBaXuVg4=,JJqFp+YcacP5DMm1HkAsipERyNg=
-213,-255,x4NWfXiOUn5USkMmQ7KpBaXuVg4=,JJqFp+YcacP5DMm1HkAsipERyNg=
-212,-255,x4NWfXiOUn5USkMmQ7KpBaXuVg4=,JJqFp+YcacP5DMm1HkAsipERyNg=
-211,-255,x4NWfXiOUn5USkMmQ7KpBaXuVg4=,JJqFp+YcacP5DMm1HkAsipERyNg=
-210,-255,x4NWfXiOUn5USkMmQ7KpBaXuVg4=,JJqFp+YcacP5DMm1HkAsipERyNg=
-209,-255,x4NWfXiOUn5USkMmQ7KpBaXuVg4=,JJqFp+YcacP5DMm1HkAsipERyNg=
-216,-254,x4NWfXiOUn5USkMmQ7KpBaXuVg4=,JJqFp+YcacP5DMm1HkAsipERyNg=
-215,-254,x4NWfXiOUn5USkMmQ7KpBaXuVg4=,JJqFp+YcacP5DMm1HkAsipERyNg=
-214,-254,x4NWfXiOUn5USkMmQ7KpBaXuVg4=,JJqFp+YcacP5DMm1HkAsipERyNg=
-213,-254,x4NWfXiOUn5USkMmQ7KpBaXuVg4=,JJqFp+YcacP5DMm1HkAsipERyNg=
-212,-254,x4NWfXiOUn5USkMmQ7KpBaXuVg4=,JJqFp+YcacP5DMm1HkAsipERyNg=
-211,-254,x4NWfXiOUn5USkMmQ7KpBaXuVg4=,JJqFp+YcacP5DMm1HkAsipERyNg=
-210,-254,x4NWfXiOUn5USkMmQ7KpBaXuVg4=,JJqFp+YcacP5DMm1HkAsipERyNg=
-209,-254,x4NWfXiOUn5USkMmQ7KpBaXuVg4=,JJqFp+YcacP5DMm1HkAsipERyNg=
-216,-253,x4NWfXiOUn5USkMmQ7KpBaXuVg4=,JJqFp+YcacP5DMm1HkAsipERyNg=
-215,-253,x4NWfXiOUn5USkMmQ7KpBaXuVg4=,JJqFp+YcacP5DMm1HkAsipERyNg=
-214,-253,x4NWfXiOUn5USkMmQ7KpBaXuVg4=,JJqFp+YcacP5DMm1HkAsipERyNg=
-210,-250,x4NWfXiOUn5USkMmQ7KpBaXuVg4=,JJqFp+YcacP5DMm1HkAsipERyNg=
-211,-250,x4NWfXiOUn5USkMmQ7KpBaXuVg4=,JJqFp+YcacP5DMm1HkAsipERyNg=
-213,-253,x4NWfXiOUn5USkMmQ7KpBaXuVg4=,JJqFp+YcacP5DMm1HkAsipERyNg=
-212,-250,x4NWfXiOUn5USkMmQ7KpBaXuVg4=,JJqFp+YcacP5DMm1HkAsipERyNg=
-214,-250,x4NWfXiOUn5USkMmQ7KpBaXuVg4=,JJqFp+YcacP5DMm1HkAsipERyNg=
-215,-250,x4NWfXiOUn5USkMmQ7KpBaXuVg4=,JJqFp+YcacP5DMm1HkAsipERyNg=
-216,-250,x4NWfXiOUn5USkMmQ7KpBaXuVg4=,JJqFp+YcacP5DMm1HkAsipERyNg=
-209,-251,x4NWfXiOUn5USkMmQ7KpBaXuVg4=,JJqFp+YcacP5DMm1HkAsipERyNg=
-210,-251,x4NWfXiOUn5USkMmQ7KpBaXuVg4=,JJqFp+YcacP5DMm1HkAsipERyNg=
-213,-250,x4NWfXiOUn5USkMmQ7KpBaXuVg4=,JJqFp+YcacP5DMm1HkAsipERyNg=
-212,-253,x4NWfXiOUn5USkMmQ7KpBaXuVg4=,JJqFp+YcacP5DMm1HkAsipERyNg=
-211,-251,x4NWfXiOUn5USkMmQ7KpBaXuVg4=,JJqFp+YcacP5DMm1HkAsipERyNg=
-211,-253,x4NWfXiOUn5USkMmQ7KpBaXuVg4=,JJqFp+YcacP5DMm1HkAsipERyNg=
-212,-251,x4NWfXiOUn5USkMmQ7KpBaXuVg4=,JJqFp+YcacP5DMm1HkAsipERyNg=
-214,-251,x4NWfXiOUn5USkMmQ7KpBaXuVg4=,JJqFp+YcacP5DMm1HkAsipERyNg=
-215,-251,x4NWfXiOUn5USkMmQ7KpBaXuVg4=,JJqFp+YcacP5DMm1HkAsipERyNg=
-216,-251,x4NWfXiOUn5USkMmQ7KpBaXuVg4=,JJqFp+YcacP5DMm1HkAsipERyNg=
-209,-252,x4NWfXiOUn5USkMmQ7KpBaXuVg4=,JJqFp+YcacP5DMm1HkAsipERyNg=
-210,-253,x4NWfXiOUn5USkMmQ7KpBaXuVg4=,JJqFp+YcacP5DMm1HkAsipERyNg=
-209,-253,x4NWfXiOUn5USkMmQ7KpBaXuVg4=,JJqFp+YcacP5DMm1HkAsipERyNg=
-216,-252,x4NWfXiOUn5USkMmQ7KpBaXuVg4=,JJqFp+YcacP5DMm1HkAsipERyNg=
-215,-252,x4NWfXiOUn5USkMmQ7KpBaXuVg4=,JJqFp+YcacP5DMm1HkAsipERyNg=
-213,-251,x4NWfXiOUn5USkMmQ7KpBaXuVg4=,JJqFp+YcacP5DMm1HkAsipERyNg=
-214,-252,x4NWfXiOUn5USkMmQ7KpBaXuVg4=,JJqFp+YcacP5DMm1HkAsipERyNg=
-210,-252,x4NWfXiOUn5USkMmQ7KpBaXuVg4=,JJqFp+YcacP5DMm1HkAsipERyNg=
-211,-252,x4NWfXiOUn5USkMmQ7KpBaXuVg4=,JJqFp+YcacP5DMm1HkAsipERyNg=
-213,-252,x4NWfXiOUn5USkMmQ7KpBaXuVg4=,JJqFp+YcacP5DMm1HkAsipERyNg=
-212,-252,x4NWfXiOUn5USkMmQ7KpBaXuVg4=,JJqFp+YcacP5DMm1HkAsipERyNg=
-221,-243,x4NWfXiOUn5USkMmQ7KpBaXuVg4=,Scbg1XZ2d/yVJFHQu7GfJX2Njws=
-222,-243,x4NWfXiOUn5USkMmQ7KpBaXuVg4=,Scbg1XZ2d/yVJFHQu7GfJX2Njws=
-220,-243,x4NWfXiOUn5USkMmQ7KpBaXuVg4=,Scbg1XZ2d/yVJFHQu7GfJX2Njws=
-219,-243,x4NWfXiOUn5USkMmQ7KpBaXuVg4=,Scbg1XZ2d/yVJFHQu7GfJX2Njws=
-223,-243,x4NWfXiOUn5USkMmQ7KpBaXuVg4=,Scbg1XZ2d/yVJFHQu7GfJX2Njws=
-218,-243,x4NWfXiOUn5USkMmQ7KpBaXuVg4=,Scbg1XZ2d/yVJFHQu7GfJX2Njws=
-218,-244,x4NWfXiOUn5USkMmQ7KpBaXuVg4=,Scbg1XZ2d/yVJFHQu7GfJX2Njws=
-220,-244,x4NWfXiOUn5USkMmQ7KpBaXuVg4=,Scbg1XZ2d/yVJFHQu7GfJX2Njws=
-219,-244,x4NWfXiOUn5USkMmQ7KpBaXuVg4=,Scbg1XZ2d/yVJFHQu7GfJX2Njws=
-221,-244,x4NWfXiOUn5USkMmQ7KpBaXuVg4=,Scbg1XZ2d/yVJFHQu7GfJX2Njws=
-222,-244,x4NWfXiOUn5USkMmQ7KpBaXuVg4=,Scbg1XZ2d/yVJFHQu7GfJX2Njws=
-223,-244,x4NWfXiOUn5USkMmQ7KpBaXuVg4=,Scbg1XZ2d/yVJFHQu7GfJX2Njws=
-224,-244,x4NWfXiOUn5USkMmQ7KpBaXuVg4=,Scbg1XZ2d/yVJFHQu7GfJX2Njws=
-218,-245,x4NWfXiOUn5USkMmQ7KpBaXuVg4=,Scbg1XZ2d/yVJFHQu7GfJX2Njws=
-219,-245,x4NWfXiOUn5USkMmQ7KpBaXuVg4=,Scbg1XZ2d/yVJFHQu7GfJX2Njws=
-220,-245,x4NWfXiOUn5USkMmQ7KpBaXuVg4=,Scbg1XZ2d/yVJFHQu7GfJX2Njws=
-221,-245,x4NWfXiOUn5USkMmQ7KpBaXuVg4=,Scbg1XZ2d/yVJFHQu7GfJX2Njws=
-222,-245,x4NWfXiOUn5USkMmQ7KpBaXuVg4=,Scbg1XZ2d/yVJFHQu7GfJX2Njws=
-223,-245,x4NWfXiOUn5USkMmQ7KpBaXuVg4=,Scbg1XZ2d/yVJFHQu7GfJX2Njws=
-224,-245,x4NWfXiOUn5USkMmQ7KpBaXuVg4=,Scbg1XZ2d/yVJFHQu7GfJX2Njws=
-224,-243,x4NWfXiOUn5USkMmQ7KpBaXuVg4=,Scbg1XZ2d/yVJFHQu7GfJX2Njws=
-218,-246,x4NWfXiOUn5USkMmQ7KpBaXuVg4=,Scbg1XZ2d/yVJFHQu7GfJX2Njws=
-224,-242,x4NWfXiOUn5USkMmQ7KpBaXuVg4=,Scbg1XZ2d/yVJFHQu7GfJX2Njws=
-223,-242,x4NWfXiOUn5USkMmQ7KpBaXuVg4=,Scbg1XZ2d/yVJFHQu7GfJX2Njws=
-222,-242,x4NWfXiOUn5USkMmQ7KpBaXuVg4=,Scbg1XZ2d/yVJFHQu7GfJX2Njws=
-219,-246,x4NWfXiOUn5USkMmQ7KpBaXuVg4=,Scbg1XZ2d/yVJFHQu7GfJX2Njws=
-224,-248,x4NWfXiOUn5USkMmQ7KpBaXuVg4=,Scbg1XZ2d/yVJFHQu7GfJX2Njws=
-220,-246,x4NWfXiOUn5USkMmQ7KpBaXuVg4=,Scbg1XZ2d/yVJFHQu7GfJX2Njws=
-221,-246,x4NWfXiOUn5USkMmQ7KpBaXuVg4=,Scbg1XZ2d/yVJFHQu7GfJX2Njws=
-223,-248,x4NWfXiOUn5USkMmQ7KpBaXuVg4=,Scbg1XZ2d/yVJFHQu7GfJX2Njws=
-222,-246,x4NWfXiOUn5USkMmQ7KpBaXuVg4=,Scbg1XZ2d/yVJFHQu7GfJX2Njws=
-223,-246,x4NWfXiOUn5USkMmQ7KpBaXuVg4=,Scbg1XZ2d/yVJFHQu7GfJX2Njws=
-222,-248,x4NWfXiOUn5USkMmQ7KpBaXuVg4=,Scbg1XZ2d/yVJFHQu7GfJX2Njws=
-221,-242,x4NWfXiOUn5USkMmQ7KpBaXuVg4=,Scbg1XZ2d/yVJFHQu7GfJX2Njws=
-220,-242,x4NWfXiOUn5USkMmQ7KpBaXuVg4=,Scbg1XZ2d/yVJFHQu7GfJX2Njws=
-219,-242,x4NWfXiOUn5USkMmQ7KpBaXuVg4=,Scbg1XZ2d/yVJFHQu7GfJX2Njws=
-218,-242,x4NWfXiOUn5USkMmQ7KpBaXuVg4=,Scbg1XZ2d/yVJFHQu7GfJX2Njws=
-224,-246,x4NWfXiOUn5USkMmQ7KpBaXuVg4=,Scbg1XZ2d/yVJFHQu7GfJX2Njws=
-224,-241,x4NWfXiOUn5USkMmQ7KpBaXuVg4=,Scbg1XZ2d/yVJFHQu7GfJX2Njws=
-223,-241,x4NWfXiOUn5USkMmQ7KpBaXuVg4=,Scbg1XZ2d/yVJFHQu7GfJX2Njws=
-222,-241,x4NWfXiOUn5USkMmQ7KpBaXuVg4=,Scbg1XZ2d/yVJFHQu7GfJX2Njws=
-221,-241,x4NWfXiOUn5USkMmQ7KpBaXuVg4=,Scbg1XZ2d/yVJFHQu7GfJX2Njws=
-219,-247,x4NWfXiOUn5USkMmQ7KpBaXuVg4=,Scbg1XZ2d/yVJFHQu7GfJX2Njws=
-220,-241,x4NWfXiOUn5USkMmQ7KpBaXuVg4=,Scbg1XZ2d/yVJFHQu7GfJX2Njws=
-219,-241,x4NWfXiOUn5USkMmQ7KpBaXuVg4=,Scbg1XZ2d/yVJFHQu7GfJX2Njws=
-218,-241,x4NWfXiOUn5USkMmQ7KpBaXuVg4=,Scbg1XZ2d/yVJFHQu7GfJX2Njws=
-218,-247,x4NWfXiOUn5USkMmQ7KpBaXuVg4=,Scbg1XZ2d/yVJFHQu7GfJX2Njws=
-221,-248,x4NWfXiOUn5USkMmQ7KpBaXuVg4=,Scbg1XZ2d/yVJFHQu7GfJX2Njws=
-220,-248,x4NWfXiOUn5USkMmQ7KpBaXuVg4=,Scbg1XZ2d/yVJFHQu7GfJX2Njws=
-220,-247,x4NWfXiOUn5USkMmQ7KpBaXuVg4=,Scbg1XZ2d/yVJFHQu7GfJX2Njws=
-221,-247,x4NWfXiOUn5USkMmQ7KpBaXuVg4=,Scbg1XZ2d/yVJFHQu7GfJX2Njws=
-219,-248,x4NWfXiOUn5USkMmQ7KpBaXuVg4=,Scbg1XZ2d/yVJFHQu7GfJX2Njws=
-218,-248,x4NWfXiOUn5USkMmQ7KpBaXuVg4=,Scbg1XZ2d/yVJFHQu7GfJX2Njws=
-222,-247,x4NWfXiOUn5USkMmQ7KpBaXuVg4=,Scbg1XZ2d/yVJFHQu7GfJX2Njws=
-209,-241,x4NWfXiOUn5USkMmQ7KpBaXuVg4=,JJqFp+YcacP5DMm1HkAsipERyNg=
-223,-247,x4NWfXiOUn5USkMmQ7KpBaXuVg4=,Scbg1XZ2d/yVJFHQu7GfJX2Njws=
-224,-247,x4NWfXiOUn5USkMmQ7KpBaXuVg4=,Scbg1XZ2d/yVJFHQu7GfJX2Njws=
-214,-249,x4NWfXiOUn5USkMmQ7KpBaXuVg4=,JJqFp+YcacP5DMm1HkAsipERyNg=
-215,-249,x4NWfXiOUn5USkMmQ7KpBaXuVg4=,JJqFp+YcacP5DMm1HkAsipERyNg=
-210,-241,x4NWfXiOUn5USkMmQ7KpBaXuVg4=,JJqFp+YcacP5DMm1HkAsipERyNg=
-216,-249,x4NWfXiOUn5USkMmQ7KpBaXuVg4=,JJqFp+YcacP5DMm1HkAsipERyNg=
-213,-245,x4NWfXiOUn5USkMmQ7KpBaXuVg4=,JJqFp+YcacP5DMm1HkAsipERyNg=
-211,-241,x4NWfXiOUn5USkMmQ7KpBaXuVg4=,JJqFp+YcacP5DMm1HkAsipERyNg=
-212,-241,x4NWfXiOUn5USkMmQ7KpBaXuVg4=,JJqFp+YcacP5DMm1HkAsipERyNg=
-217,-244,x4NWfXiOUn5USkMmQ7KpBaXuVg4=,Scbg1XZ2d/yVJFHQu7GfJX2Njws=
-213,-241,x4NWfXiOUn5USkMmQ7KpBaXuVg4=,JJqFp+YcacP5DMm1HkAsipERyNg=
-214,-241,x4NWfXiOUn5USkMmQ7KpBaXuVg4=,JJqFp+YcacP5DMm1HkAsipERyNg=
-215,-241,x4NWfXiOUn5USkMmQ7KpBaXuVg4=,JJqFp+YcacP5DMm1HkAsipERyNg=
-212,-249,x4NWfXiOUn5USkMmQ7KpBaXuVg4=,JJqFp+YcacP5DMm1HkAsipERyNg=
-216,-241,x4NWfXiOUn5USkMmQ7KpBaXuVg4=,JJqFp+YcacP5DMm1HkAsipERyNg=
-211,-246,x4NWfXiOUn5USkMmQ7KpBaXuVg4=,JJqFp+YcacP5DMm1HkAsipERyNg=
-209,-242,x4NWfXiOUn5USkMmQ7KpBaXuVg4=,JJqFp+YcacP5DMm1HkAsipERyNg=
-213,-249,x4NWfXiOUn5USkMmQ7KpBaXuVg4=,JJqFp+YcacP5DMm1HkAsipERyNg=
-209,-247,x4NWfXiOUn5USkMmQ7KpBaXuVg4=,JJqFp+YcacP5DMm1HkAsipERyNg=
-210,-242,x4NWfXiOUn5USkMmQ7KpBaXuVg4=,JJqFp+YcacP5DMm1HkAsipERyNg=
-211,-249,x4NWfXiOUn5USkMmQ7KpBaXuVg4=,JJqFp+YcacP5DMm1HkAsipERyNg=
-210,-249,x4NWfXiOUn5USkMmQ7KpBaXuVg4=,JJqFp+YcacP5DMm1HkAsipERyNg=
-217,-243,x4NWfXiOUn5USkMmQ7KpBaXuVg4=,Scbg1XZ2d/yVJFHQu7GfJX2Njws=
-212,-246,x4NWfXiOUn5USkMmQ7KpBaXuVg4=,JJqFp+YcacP5DMm1HkAsipERyNg=
-211,-242,x4NWfXiOUn5USkMmQ7KpBaXuVg4=,JJqFp+YcacP5DMm1HkAsipERyNg=
-214,-245,x4NWfXiOUn5USkMmQ7KpBaXuVg4=,JJqFp+YcacP5DMm1HkAsipERyNg=
-212,-242,x4NWfXiOUn5USkMmQ7KpBaXuVg4=,JJqFp+YcacP5DMm1HkAsipERyNg=
-213,-242,x4NWfXiOUn5USkMmQ7KpBaXuVg4=,JJqFp+YcacP5DMm1HkAsipERyNg=
-217,-245,x4NWfXiOUn5USkMmQ7KpBaXuVg4=,Scbg1XZ2d/yVJFHQu7GfJX2Njws=
-214,-242,x4NWfXiOUn5USkMmQ7KpBaXuVg4=,JJqFp+YcacP5DMm1HkAsipERyNg=
-215,-242,x4NWfXiOUn5USkMmQ7KpBaXuVg4=,JJqFp+YcacP5DMm1HkAsipERyNg=
-216,-242,x4NWfXiOUn5USkMmQ7KpBaXuVg4=,JJqFp+YcacP5DMm1HkAsipERyNg=
-209,-243,x4NWfXiOUn5USkMmQ7KpBaXuVg4=,JJqFp+YcacP5DMm1HkAsipERyNg=
-210,-247,x4NWfXiOUn5USkMmQ7KpBaXuVg4=,JJqFp+YcacP5DMm1HkAsipERyNg=
-216,-246,x4NWfXiOUn5USkMmQ7KpBaXuVg4=,JJqFp+YcacP5DMm1HkAsipERyNg=
-215,-247,x4NWfXiOUn5USkMmQ7KpBaXuVg4=,JJqFp+YcacP5DMm1HkAsipERyNg=
-210,-243,x4NWfXiOUn5USkMmQ7KpBaXuVg4=,JJqFp+YcacP5DMm1HkAsipERyNg=
-212,-245,x4NWfXiOUn5USkMmQ7KpBaXuVg4=,JJqFp+YcacP5DMm1HkAsipERyNg=
-213,-246,x4NWfXiOUn5USkMmQ7KpBaXuVg4=,JJqFp+YcacP5DMm1HkAsipERyNg=
-211,-243,x4NWfXiOUn5USkMmQ7KpBaXuVg4=,JJqFp+YcacP5DMm1HkAsipERyNg=
-215,-245,x4NWfXiOUn5USkMmQ7KpBaXuVg4=,JJqFp+YcacP5DMm1HkAsipERyNg=
-212,-243,x4NWfXiOUn5USkMmQ7KpBaXuVg4=,JJqFp+YcacP5DMm1HkAsipERyNg=
-211,-245,x4NWfXiOUn5USkMmQ7KpBaXuVg4=,JJqFp+YcacP5DMm1HkAsipERyNg=
-217,-246,x4NWfXiOUn5USkMmQ7KpBaXuVg4=,Scbg1XZ2d/yVJFHQu7GfJX2Njws=
-213,-243,x4NWfXiOUn5USkMmQ7KpBaXuVg4=,JJqFp+YcacP5DMm1HkAsipERyNg=
-214,-243,x4NWfXiOUn5USkMmQ7KpBaXuVg4=,JJqFp+YcacP5DMm1HkAsipERyNg=
-215,-243,x4NWfXiOUn5USkMmQ7KpBaXuVg4=,JJqFp+YcacP5DMm1HkAsipERyNg=
-216,-243,x4NWfXiOUn5USkMmQ7KpBaXuVg4=,JJqFp+YcacP5DMm1HkAsipERyNg=
-209,-244,x4NWfXiOUn5USkMmQ7KpBaXuVg4=,JJqFp+YcacP5DMm1HkAsipERyNg=
-213,-248,x4NWfXiOUn5USkMmQ7KpBaXuVg4=,JJqFp+YcacP5DMm1HkAsipERyNg=
-215,-246,x4NWfXiOUn5USkMmQ7KpBaXuVg4=,JJqFp+YcacP5DMm1HkAsipERyNg=
-209,-249,x4NWfXiOUn5USkMmQ7KpBaXuVg4=,JJqFp+YcacP5DMm1HkAsipERyNg=
-214,-246,x4NWfXiOUn5USkMmQ7KpBaXuVg4=,JJqFp+YcacP5DMm1HkAsipERyNg=
-216,-247,x4NWfXiOUn5USkMmQ7KpBaXuVg4=,JJqFp+YcacP5DMm1HkAsipERyNg=
-217,-247,x4NWfXiOUn5USkMmQ7KpBaXuVg4=,Scbg1XZ2d/yVJFHQu7GfJX2Njws=
-217,-248,x4NWfXiOUn5USkMmQ7KpBaXuVg4=,Scbg1XZ2d/yVJFHQu7GfJX2Njws=
-210,-244,x4NWfXiOUn5USkMmQ7KpBaXuVg4=,JJqFp+YcacP5DMm1HkAsipERyNg=
-211,-244,x4NWfXiOUn5USkMmQ7KpBaXuVg4=,JJqFp+YcacP5DMm1HkAsipERyNg=
-214,-248,x4NWfXiOUn5USkMmQ7KpBaXuVg4=,JJqFp+YcacP5DMm1HkAsipERyNg=
-210,-246,x4NWfXiOUn5USkMmQ7KpBaXuVg4=,JJqFp+YcacP5DMm1HkAsipERyNg=
-211,-247,x4NWfXiOUn5USkMmQ7KpBaXuVg4=,JJqFp+YcacP5DMm1HkAsipERyNg=
-209,-248,x4NWfXiOUn5USkMmQ7KpBaXuVg4=,JJqFp+YcacP5DMm1HkAsipERyNg=
-210,-248,x4NWfXiOUn5USkMmQ7KpBaXuVg4=,JJqFp+YcacP5DMm1HkAsipERyNg=
-216,-248,x4NWfXiOUn5USkMmQ7KpBaXuVg4=,JJqFp+YcacP5DMm1HkAsipERyNg=
-217,-242,x4NWfXiOUn5USkMmQ7KpBaXuVg4=,Scbg1XZ2d/yVJFHQu7GfJX2Njws=
-215,-248,x4NWfXiOUn5USkMmQ7KpBaXuVg4=,JJqFp+YcacP5DMm1HkAsipERyNg=
-211,-248,x4NWfXiOUn5USkMmQ7KpBaXuVg4=,JJqFp+YcacP5DMm1HkAsipERyNg=
-216,-245,x4NWfXiOUn5USkMmQ7KpBaXuVg4=,JJqFp+YcacP5DMm1HkAsipERyNg=
-212,-248,x4NWfXiOUn5USkMmQ7KpBaXuVg4=,JJqFp+YcacP5DMm1HkAsipERyNg=
-214,-247,x4NWfXiOUn5USkMmQ7KpBaXuVg4=,JJqFp+YcacP5DMm1HkAsipERyNg=
-212,-247,x4NWfXiOUn5USkMmQ7KpBaXuVg4=,JJqFp+YcacP5DMm1HkAsipERyNg=
-210,-245,x4NWfXiOUn5USkMmQ7KpBaXuVg4=,JJqFp+YcacP5DMm1HkAsipERyNg=
-213,-247,x4NWfXiOUn5USkMmQ7KpBaXuVg4=,JJqFp+YcacP5DMm1HkAsipERyNg=
-212,-244,x4NWfXiOUn5USkMmQ7KpBaXuVg4=,JJqFp+YcacP5DMm1HkAsipERyNg=
-213,-244,x4NWfXiOUn5USkMmQ7KpBaXuVg4=,JJqFp+YcacP5DMm1HkAsipERyNg=
-214,-244,x4NWfXiOUn5USkMmQ7KpBaXuVg4=,JJqFp+YcacP5DMm1HkAsipERyNg=
-215,-244,x4NWfXiOUn5USkMmQ7KpBaXuVg4=,JJqFp+YcacP5DMm1HkAsipERyNg=
-217,-241,x4NWfXiOUn5USkMmQ7KpBaXuVg4=,Scbg1XZ2d/yVJFHQu7GfJX2Njws=
-216,-244,x4NWfXiOUn5USkMmQ7KpBaXuVg4=,JJqFp+YcacP5DMm1HkAsipERyNg=
-209,-245,x4NWfXiOUn5USkMmQ7KpBaXuVg4=,JJqFp+YcacP5DMm1HkAsipERyNg=
-209,-246,x4NWfXiOUn5USkMmQ7KpBaXuVg4=,JJqFp+YcacP5DMm1HkAsipERyNg=
-221,-239,KH6hZ8b6auhT2XtBcXnWLHB1Szc=,Scbg1XZ2d/yVJFHQu7GfJX2Njws=
-218,-236,KH6hZ8b6auhT2XtBcXnWLHB1Szc=,Scbg1XZ2d/yVJFHQu7GfJX2Njws=
-220,-240,KH6hZ8b6auhT2XtBcXnWLHB1Szc=,Scbg1XZ2d/yVJFHQu7GfJX2Njws=
-219,-236,KH6hZ8b6auhT2XtBcXnWLHB1Szc=,Scbg1XZ2d/yVJFHQu7GfJX2Njws=
-220,-236,KH6hZ8b6auhT2XtBcXnWLHB1Szc=,Scbg1XZ2d/yVJFHQu7GfJX2Njws=
-221,-236,KH6hZ8b6auhT2XtBcXnWLHB1Szc=,Scbg1XZ2d/yVJFHQu7GfJX2Njws=
-217,-237,KH6hZ8b6auhT2XtBcXnWLHB1Szc=,Scbg1XZ2d/yVJFHQu7GfJX2Njws=
-222,-236,KH6hZ8b6auhT2XtBcXnWLHB1Szc=,Scbg1XZ2d/yVJFHQu7GfJX2Njws=
-223,-236,KH6hZ8b6auhT2XtBcXnWLHB1Szc=,Scbg1XZ2d/yVJFHQu7GfJX2Njws=
-220,-235,KH6hZ8b6auhT2XtBcXnWLHB1Szc=,Scbg1XZ2d/yVJFHQu7GfJX2Njws=
-221,-235,KH6hZ8b6auhT2XtBcXnWLHB1Szc=,Scbg1XZ2d/yVJFHQu7GfJX2Njws=
-224,-236,KH6hZ8b6auhT2XtBcXnWLHB1Szc=,Scbg1XZ2d/yVJFHQu7GfJX2Njws=
-218,-237,KH6hZ8b6auhT2XtBcXnWLHB1Szc=,Scbg1XZ2d/yVJFHQu7GfJX2Njws=
-217,-239,KH6hZ8b6auhT2XtBcXnWLHB1Szc=,Scbg1XZ2d/yVJFHQu7GfJX2Njws=
-219,-237,KH6hZ8b6auhT2XtBcXnWLHB1Szc=,Scbg1XZ2d/yVJFHQu7GfJX2Njws=
-217,-234,KH6hZ8b6auhT2XtBcXnWLHB1Szc=,Scbg1XZ2d/yVJFHQu7GfJX2Njws=
-220,-237,KH6hZ8b6auhT2XtBcXnWLHB1Szc=,Scbg1XZ2d/yVJFHQu7GfJX2Njws=
-218,-234,KH6hZ8b6auhT2XtBcXnWLHB1Szc=,Scbg1XZ2d/yVJFHQu7GfJX2Njws=
-221,-237,KH6hZ8b6auhT2XtBcXnWLHB1Szc=,Scbg1XZ2d/yVJFHQu7GfJX2Njws=
-222,-235,KH6hZ8b6auhT2XtBcXnWLHB1Szc=,Scbg1XZ2d/yVJFHQu7GfJX2Njws=
-218,-239,KH6hZ8b6auhT2XtBcXnWLHB1Szc=,Scbg1XZ2d/yVJFHQu7GfJX2Njws=
-223,-235,KH6hZ8b6auhT2XtBcXnWLHB1Szc=,Scbg1XZ2d/yVJFHQu7GfJX2Njws=
-219,-239,KH6hZ8b6auhT2XtBcXnWLHB1Szc=,Scbg1XZ2d/yVJFHQu7GfJX2Njws=
-219,-234,KH6hZ8b6auhT2XtBcXnWLHB1Szc=,Scbg1XZ2d/yVJFHQu7GfJX2Njws=
-220,-239,KH6hZ8b6auhT2XtBcXnWLHB1Szc=,Scbg1XZ2d/yVJFHQu7GfJX2Njws=
-221,-240,KH6hZ8b6auhT2XtBcXnWLHB1Szc=,Scbg1XZ2d/yVJFHQu7GfJX2Njws=
-220,-234,KH6hZ8b6auhT2XtBcXnWLHB1Szc=,Scbg1XZ2d/yVJFHQu7GfJX2Njws=
-222,-239,KH6hZ8b6auhT2XtBcXnWLHB1Szc=,Scbg1XZ2d/yVJFHQu7GfJX2Njws=
-221,-234,KH6hZ8b6auhT2XtBcXnWLHB1Szc=,Scbg1XZ2d/yVJFHQu7GfJX2Njws=
-223,-239,KH6hZ8b6auhT2XtBcXnWLHB1Szc=,Scbg1XZ2d/yVJFHQu7GfJX2Njws=
-222,-234,KH6hZ8b6auhT2XtBcXnWLHB1Szc=,Scbg1XZ2d/yVJFHQu7GfJX2Njws=
-224,-238,KH6hZ8b6auhT2XtBcXnWLHB1Szc=,Scbg1XZ2d/yVJFHQu7GfJX2Njws=
-217,-240,KH6hZ8b6auhT2XtBcXnWLHB1Szc=,Scbg1XZ2d/yVJFHQu7GfJX2Njws=
-218,-240,KH6hZ8b6auhT2XtBcXnWLHB1Szc=,Scbg1XZ2d/yVJFHQu7GfJX2Njws=
-222,-237,KH6hZ8b6auhT2XtBcXnWLHB1Szc=,Scbg1XZ2d/yVJFHQu7GfJX2Njws=
-219,-240,KH6hZ8b6auhT2XtBcXnWLHB1Szc=,Scbg1XZ2d/yVJFHQu7GfJX2Njws=
-222,-240,KH6hZ8b6auhT2XtBcXnWLHB1Szc=,Scbg1XZ2d/yVJFHQu7GfJX2Njws=
-223,-234,KH6hZ8b6auhT2XtBcXnWLHB1Szc=,Scbg1XZ2d/yVJFHQu7GfJX2Njws=
-224,-237,KH6hZ8b6auhT2XtBcXnWLHB1Szc=,Scbg1XZ2d/yVJFHQu7GfJX2Njws=
-224,-235,KH6hZ8b6auhT2XtBcXnWLHB1Szc=,Scbg1XZ2d/yVJFHQu7GfJX2Njws=
-217,-238,KH6hZ8b6auhT2XtBcXnWLHB1Szc=,Scbg1XZ2d/yVJFHQu7GfJX2Njws=
-217,-236,KH6hZ8b6auhT2XtBcXnWLHB1Szc=,Scbg1XZ2d/yVJFHQu7GfJX2Njws=
-218,-238,KH6hZ8b6auhT2XtBcXnWLHB1Szc=,Scbg1XZ2d/yVJFHQu7GfJX2Njws=
-219,-238,KH6hZ8b6auhT2XtBcXnWLHB1Szc=,Scbg1XZ2d/yVJFHQu7GfJX2Njws=
-220,-238,KH6hZ8b6auhT2XtBcXnWLHB1Szc=,Scbg1XZ2d/yVJFHQu7GfJX2Njws=
-221,-238,KH6hZ8b6auhT2XtBcXnWLHB1Szc=,Scbg1XZ2d/yVJFHQu7GfJX2Njws=
-222,-238,KH6hZ8b6auhT2XtBcXnWLHB1Szc=,Scbg1XZ2d/yVJFHQu7GfJX2Njws=
-223,-238,KH6hZ8b6auhT2XtBcXnWLHB1Szc=,Scbg1XZ2d/yVJFHQu7GfJX2Njws=
-217,-235,KH6hZ8b6auhT2XtBcXnWLHB1Szc=,Scbg1XZ2d/yVJFHQu7GfJX2Njws=
-223,-240,KH6hZ8b6auhT2XtBcXnWLHB1Szc=,Scbg1XZ2d/yVJFHQu7GfJX2Njws=
-218,-235,KH6hZ8b6auhT2XtBcXnWLHB1Szc=,Scbg1XZ2d/yVJFHQu7GfJX2Njws=
-219,-235,KH6hZ8b6auhT2XtBcXnWLHB1Szc=,Scbg1XZ2d/yVJFHQu7GfJX2Njws=
-224,-234,KH6hZ8b6auhT2XtBcXnWLHB1Szc=,Scbg1XZ2d/yVJFHQu7GfJX2Njws=
-223,-237,KH6hZ8b6auhT2XtBcXnWLHB1Szc=,Scbg1XZ2d/yVJFHQu7GfJX2Njws=
-224,-239,KH6hZ8b6auhT2XtBcXnWLHB1Szc=,Scbg1XZ2d/yVJFHQu7GfJX2Njws=
-224,-240,KH6hZ8b6auhT2XtBcXnWLHB1Szc=,Scbg1XZ2d/yVJFHQu7GfJX2Njws=
-220,-227,KH6hZ8b6auhT2XtBcXnWLHB1Szc=,JJqFp+YcacP5DMm1HkAsipERyNg=
-221,-227,KH6hZ8b6auhT2XtBcXnWLHB1Szc=,JJqFp+YcacP5DMm1HkAsipERyNg=
-220,-233,KH6hZ8b6auhT2XtBcXnWLHB1Szc=,Scbg1XZ2d/yVJFHQu7GfJX2Njws=
-219,-233,KH6hZ8b6auhT2XtBcXnWLHB1Szc=,Scbg1XZ2d/yVJFHQu7GfJX2Njws=
-218,-233,KH6hZ8b6auhT2XtBcXnWLHB1Szc=,Scbg1XZ2d/yVJFHQu7GfJX2Njws=
-219,-227,KH6hZ8b6auhT2XtBcXnWLHB1Szc=,JJqFp+YcacP5DMm1HkAsipERyNg=
-218,-227,KH6hZ8b6auhT2XtBcXnWLHB1Szc=,JJqFp+YcacP5DMm1HkAsipERyNg=
-217,-227,KH6hZ8b6auhT2XtBcXnWLHB1Szc=,JJqFp+YcacP5DMm1HkAsipERyNg=
-222,-227,KH6hZ8b6auhT2XtBcXnWLHB1Szc=,JJqFp+YcacP5DMm1HkAsipERyNg=
-221,-233,KH6hZ8b6auhT2XtBcXnWLHB1Szc=,Scbg1XZ2d/yVJFHQu7GfJX2Njws=
-224,-226,KH6hZ8b6auhT2XtBcXnWLHB1Szc=,JJqFp+YcacP5DMm1HkAsipERyNg=
-224,-227,KH6hZ8b6auhT2XtBcXnWLHB1Szc=,JJqFp+YcacP5DMm1HkAsipERyNg=
-217,-228,KH6hZ8b6auhT2XtBcXnWLHB1Szc=,JJqFp+YcacP5DMm1HkAsipERyNg=
-218,-228,KH6hZ8b6auhT2XtBcXnWLHB1Szc=,JJqFp+YcacP5DMm1HkAsipERyNg=
-219,-228,KH6hZ8b6auhT2XtBcXnWLHB1Szc=,JJqFp+YcacP5DMm1HkAsipERyNg=
-220,-228,KH6hZ8b6auhT2XtBcXnWLHB1Szc=,JJqFp+YcacP5DMm1HkAsipERyNg=
-221,-228,KH6hZ8b6auhT2XtBcXnWLHB1Szc=,JJqFp+YcacP5DMm1HkAsipERyNg=
-222,-233,KH6hZ8b6auhT2XtBcXnWLHB1Szc=,Scbg1XZ2d/yVJFHQu7GfJX2Njws=
-222,-228,KH6hZ8b6auhT2XtBcXnWLHB1Szc=,JJqFp+YcacP5DMm1HkAsipERyNg=
-223,-227,KH6hZ8b6auhT2XtBcXnWLHB1Szc=,JJqFp+YcacP5DMm1HkAsipERyNg=
-223,-228,KH6hZ8b6auhT2XtBcXnWLHB1Szc=,JJqFp+YcacP5DMm1HkAsipERyNg=
-217,-229,KH6hZ8b6auhT2XtBcXnWLHB1Szc=,JJqFp+YcacP5DMm1HkAsipERyNg=
-218,-229,KH6hZ8b6auhT2XtBcXnWLHB1Szc=,JJqFp+YcacP5DMm1HkAsipERyNg=
-219,-229,KH6hZ8b6auhT2XtBcXnWLHB1Szc=,JJqFp+YcacP5DMm1HkAsipERyNg=
-223,-233,KH6hZ8b6auhT2XtBcXnWLHB1Szc=,Scbg1XZ2d/yVJFHQu7GfJX2Njws=
-220,-229,KH6hZ8b6auhT2XtBcXnWLHB1Szc=,JJqFp+YcacP5DMm1HkAsipERyNg=
-221,-229,KH6hZ8b6auhT2XtBcXnWLHB1Szc=,JJqFp+YcacP5DMm1HkAsipERyNg=
-222,-229,KH6hZ8b6auhT2XtBcXnWLHB1Szc=,JJqFp+YcacP5DMm1HkAsipERyNg=
-223,-229,KH6hZ8b6auhT2XtBcXnWLHB1Szc=,JJqFp+YcacP5DMm1HkAsipERyNg=
-223,-226,KH6hZ8b6auhT2XtBcXnWLHB1Szc=,JJqFp+YcacP5DMm1HkAsipERyNg=
-222,-226,KH6hZ8b6auhT2XtBcXnWLHB1Szc=,JJqFp+YcacP5DMm1HkAsipERyNg=
-221,-226,KH6hZ8b6auhT2XtBcXnWLHB1Szc=,JJqFp+YcacP5DMm1HkAsipERyNg=
-220,-226,KH6hZ8b6auhT2XtBcXnWLHB1Szc=,JJqFp+YcacP5DMm1HkAsipERyNg=
-219,-226,KH6hZ8b6auhT2XtBcXnWLHB1Szc=,JJqFp+YcacP5DMm1HkAsipERyNg=
-218,-226,KH6hZ8b6auhT2XtBcXnWLHB1Szc=,JJqFp+YcacP5DMm1HkAsipERyNg=
-217,-226,KH6hZ8b6auhT2XtBcXnWLHB1Szc=,JJqFp+YcacP5DMm1HkAsipERyNg=
-224,-228,KH6hZ8b6auhT2XtBcXnWLHB1Szc=,JJqFp+YcacP5DMm1HkAsipERyNg=
-217,-230,KH6hZ8b6auhT2XtBcXnWLHB1Szc=,JJqFp+YcacP5DMm1HkAsipERyNg=
-224,-225,KH6hZ8b6auhT2XtBcXnWLHB1Szc=,JJqFp+YcacP5DMm1HkAsipERyNg=
-224,-233,KH6hZ8b6auhT2XtBcXnWLHB1Szc=,Scbg1XZ2d/yVJFHQu7GfJX2Njws=
-218,-230,KH6hZ8b6auhT2XtBcXnWLHB1Szc=,JJqFp+YcacP5DMm1HkAsipERyNg=
-219,-230,KH6hZ8b6auhT2XtBcXnWLHB1Szc=,JJqFp+YcacP5DMm1HkAsipERyNg=
-220,-230,KH6hZ8b6auhT2XtBcXnWLHB1Szc=,JJqFp+YcacP5DMm1HkAsipERyNg=
-221,-230,KH6hZ8b6auhT2XtBcXnWLHB1Szc=,JJqFp+YcacP5DMm1HkAsipERyNg=
-222,-230,KH6hZ8b6auhT2XtBcXnWLHB1Szc=,JJqFp+YcacP5DMm1HkAsipERyNg=
-223,-230,KH6hZ8b6auhT2XtBcXnWLHB1Szc=,JJqFp+YcacP5DMm1HkAsipERyNg=
-224,-229,KH6hZ8b6auhT2XtBcXnWLHB1Szc=,JJqFp+YcacP5DMm1HkAsipERyNg=
-217,-231,KH6hZ8b6auhT2XtBcXnWLHB1Szc=,JJqFp+YcacP5DMm1HkAsipERyNg=
-218,-231,KH6hZ8b6auhT2XtBcXnWLHB1Szc=,JJqFp+YcacP5DMm1HkAsipERyNg=
-219,-231,KH6hZ8b6auhT2XtBcXnWLHB1Szc=,JJqFp+YcacP5DMm1HkAsipERyNg=
-220,-231,KH6hZ8b6auhT2XtBcXnWLHB1Szc=,JJqFp+YcacP5DMm1HkAsipERyNg=
-221,-231,KH6hZ8b6auhT2XtBcXnWLHB1Szc=,JJqFp+YcacP5DMm1HkAsipERyNg=
-222,-231,KH6hZ8b6auhT2XtBcXnWLHB1Szc=,JJqFp+YcacP5DMm1HkAsipERyNg=
-223,-231,KH6hZ8b6auhT2XtBcXnWLHB1Szc=,JJqFp+YcacP5DMm1HkAsipERyNg=
-224,-231,KH6hZ8b6auhT2XtBcXnWLHB1Szc=,JJqFp+YcacP5DMm1HkAsipERyNg=
-217,-232,KH6hZ8b6auhT2XtBcXnWLHB1Szc=,JJqFp+YcacP5DMm1HkAsipERyNg=
-218,-232,KH6hZ8b6auhT2XtBcXnWLHB1Szc=,JJqFp+YcacP5DMm1HkAsipERyNg=
-219,-232,KH6hZ8b6auhT2XtBcXnWLHB1Szc=,JJqFp+YcacP5DMm1HkAsipERyNg=
-220,-232,KH6hZ8b6auhT2XtBcXnWLHB1Szc=,JJqFp+YcacP5DMm1HkAsipERyNg=
-217,-225,KH6hZ8b6auhT2XtBcXnWLHB1Szc=,JJqFp+YcacP5DMm1HkAsipERyNg=
-218,-225,KH6hZ8b6auhT2XtBcXnWLHB1Szc=,JJqFp+YcacP5DMm1HkAsipERyNg=
-219,-225,KH6hZ8b6auhT2XtBcXnWLHB1Szc=,JJqFp+YcacP5DMm1HkAsipERyNg=
-220,-225,KH6hZ8b6auhT2XtBcXnWLHB1Szc=,JJqFp+YcacP5DMm1HkAsipERyNg=
-224,-230,KH6hZ8b6auhT2XtBcXnWLHB1Szc=,JJqFp+YcacP5DMm1HkAsipERyNg=
-221,-225,KH6hZ8b6auhT2XtBcXnWLHB1Szc=,JJqFp+YcacP5DMm1HkAsipERyNg=
-221,-232,KH6hZ8b6auhT2XtBcXnWLHB1Szc=,JJqFp+YcacP5DMm1HkAsipERyNg=
-222,-232,KH6hZ8b6auhT2XtBcXnWLHB1Szc=,JJqFp+YcacP5DMm1HkAsipERyNg=
-223,-232,KH6hZ8b6auhT2XtBcXnWLHB1Szc=,JJqFp+YcacP5DMm1HkAsipERyNg=
-223,-225,KH6hZ8b6auhT2XtBcXnWLHB1Szc=,JJqFp+YcacP5DMm1HkAsipERyNg=
-217,-233,KH6hZ8b6auhT2XtBcXnWLHB1Szc=,Scbg1XZ2d/yVJFHQu7GfJX2Njws=
-224,-232,KH6hZ8b6auhT2XtBcXnWLHB1Szc=,JJqFp+YcacP5DMm1HkAsipERyNg=
-222,-225,KH6hZ8b6auhT2XtBcXnWLHB1Szc=,JJqFp+YcacP5DMm1HkAsipERyNg=
