75,35,P+DhfllRyG3wJh1P1k8r/U5EicY=,JJqFp+YcacP5DMm1HkAsipERyNg=
76,35,P+DhfllRyG3wJh1P1k8r/U5EicY=,JJqFp+YcacP5DMm1HkAsipERyNg=
74,35,P+DhfllRyG3wJh1P1k8r/U5EicY=,JJqFp+YcacP5DMm1HkAsipERyNg=
73,35,P+DhfllRyG3wJh1P1k8r/U5EicY=,JJqFp+YcacP5DMm1HkAsipERyNg=
78,34,P+DhfllRyG3wJh1P1k8r/U5EicY=,JJqFp+YcacP5DMm1HkAsipERyNg=
77,34,P+DhfllRyG3wJh1P1k8r/U5EicY=,JJqFp+YcacP5DMm1HkAsipERyNg=
76,34,P+DhfllRyG3wJh1P1k8r/U5EicY=,JJqFp+YcacP5DMm1HkAsipERyNg=
75,34,P+DhfllRyG3wJh1P1k8r/U5EicY=,JJqFp+YcacP5DMm1HkAsipERyNg=
74,34,P+DhfllRyG3wJh1P1k8r/U5EicY=,JJqFp+YcacP5DMm1HkAsipERyNg=
78,38,P+DhfllRyG3wJh1P1k8r/U5EicY=,JJqFp+YcacP5DMm1HkAsipERyNg=
75,38,P+DhfllRyG3wJh1P1k8r/U5EicY=,JJqFp+YcacP5DMm1HkAsipERyNg=
74,38,P+DhfllRyG3wJh1P1k8r/U5EicY=,JJqFp+YcacP5DMm1HkAsipERyNg=
73,34,P+DhfllRyG3wJh1P1k8r/U5EicY=,JJqFp+YcacP5DMm1HkAsipERyNg=
73,38,P+DhfllRyG3wJh1P1k8r/U5EicY=,JJqFp+YcacP5DMm1HkAsipERyNg=
78,33,P+DhfllRyG3wJh1P1k8r/U5EicY=,JJqFp+YcacP5DMm1HkAsipERyNg=
77,33,P+DhfllRyG3wJh1P1k8r/U5EicY=,JJqFp+YcacP5DMm1HkAsipERyNg=
76,33,P+DhfllRyG3wJh1P1k8r/U5EicY=,JJqFp+YcacP5DMm1HkAsipERyNg=
75,33,P+DhfllRyG3wJh1P1k8r/U5EicY=,JJqFp+YcacP5DMm1HkAsipERyNg=
74,33,P+DhfllRyG3wJh1P1k8r/U5EicY=,JJqFp+YcacP5DMm1HkAsipERyNg=
73,33,P+DhfllRyG3wJh1P1k8r/U5EicY=,JJqFp+YcacP5DMm1HkAsipERyNg=
78,37,P+DhfllRyG3wJh1P1k8r/U5EicY=,JJqFp+YcacP5DMm1HkAsipERyNg=
77,37,P+DhfllRyG3wJh1P1k8r/U5EicY=,JJqFp+YcacP5DMm1HkAsipERyNg=
76,37,P+DhfllRyG3wJh1P1k8r/U5EicY=,JJqFp+YcacP5DMm1HkAsipERyNg=
75,37,P+DhfllRyG3wJh1P1k8r/U5EicY=,JJqFp+YcacP5DMm1HkAsipERyNg=
74,37,P+DhfllRyG3wJh1P1k8r/U5EicY=,JJqFp+YcacP5DMm1HkAsipERyNg=
73,37,P+DhfllRyG3wJh1P1k8r/U5EicY=,JJqFp+YcacP5DMm1HkAsipERyNg=
78,36,P+DhfllRyG3wJh1P1k8r/U5EicY=,JJqFp+YcacP5DMm1HkAsipERyNg=
77,36,P+DhfllRyG3wJh1P1k8r/U5EicY=,JJqFp+YcacP5DMm1HkAsipERyNg=
76,36,P+DhfllRyG3wJh1P1k8r/U5EicY=,JJqFp+YcacP5DMm1HkAsipERyNg=
75,36,P+DhfllRyG3wJh1P1k8r/U5EicY=,JJqFp+YcacP5DMm1HkAsipERyNg=
74,36,P+DhfllRyG3wJh1P1k8r/U5EicY=,JJqFp+YcacP5DMm1HkAsipERyNg=
73,36,P+DhfllRyG3wJh1P1k8r/U5EicY=,JJqFp+YcacP5DMm1HkAsipERyNg=
78,35,P+DhfllRyG3wJh1P1k8r/U5EicY=,JJqFp+YcacP5DMm1HkAsipERyNg=
77,35,P+DhfllRyG3wJh1P1k8r/U5EicY=,JJqFp+YcacP5DMm1HkAsipERyNg=
77,38,P+DhfllRyG3wJh1P1k8r/U5EicY=,JJqFp+YcacP5DMm1HkAsipERyNg=
76,38,P+DhfllRyG3wJh1P1k8r/U5EicY=,JJqFp+YcacP5DMm1HkAsipERyNg=
79,34,fTijiQuHSmy+VO81G/qlPfMcD7k=,JJqFp+YcacP5DMm1HkAsipERyNg=
79,35,fTijiQuHSmy+VO81G/qlPfMcD7k=,JJqFp+YcacP5DMm1HkAsipERyNg=
79,36,fTijiQuHSmy+VO81G/qlPfMcD7k=,JJqFp+YcacP5DMm1HkAsipERyNg=
79,37,fTijiQuHSmy+VO81G/qlPfMcD7k=,JJqFp+YcacP5DMm1HkAsipERyNg=
79,33,fTijiQuHSmy+VO81G/qlPfMcD7k=,JJqFp+YcacP5DMm1HkAsipERyNg=
78,32,fTijiQuHSmy+VO81G/qlPfMcD7k=,JJqFp+YcacP5DMm1HkAsipERyNg=
79,38,fTijiQuHSmy+VO81G/qlPfMcD7k=,JJqFp+YcacP5DMm1HkAsipERyNg=
77,32,fTijiQuHSmy+VO81G/qlPfMcD7k=,JJqFp+YcacP5DMm1HkAsipERyNg=
73,32,fTijiQuHSmy+VO81G/qlPfMcD7k=,JJqFp+YcacP5DMm1HkAsipERyNg=
76,32,fTijiQuHSmy+VO81G/qlPfMcD7k=,JJqFp+YcacP5DMm1HkAsipERyNg=
75,32,fTijiQuHSmy+VO81G/qlPfMcD7k=,JJqFp+YcacP5DMm1HkAsipERyNg=
74,32,fTijiQuHSmy+VO81G/qlPfMcD7k=,JJqFp+YcacP5DMm1HkAsipERyNg=
79,32,fTijiQuHSmy+VO81G/qlPfMcD7k=,JJqFp+YcacP5DMm1HkAsipERyNg=
72,35,T78Ilzk3ZNKhXscg3P6/ZADC2cs=,JJqFp+YcacP5DMm1HkAsipERyNg=
70,36,T78Ilzk3ZNKhXscg3P6/ZADC2cs=,JJqFp+YcacP5DMm1HkAsipERyNg=
68,32,T78Ilzk3ZNKhXscg3P6/ZADC2cs=,JJqFp+YcacP5DMm1HkAsipERyNg=
65,36,T78Ilzk3ZNKhXscg3P6/ZADC2cs=,JJqFp+YcacP5DMm1HkAsipERyNg=
64,34,T78Ilzk3ZNKhXscg3P6/ZADC2cs=,JJqFp+YcacP5DMm1HkAsipERyNg=
67,33,T78Ilzk3ZNKhXscg3P6/ZADC2cs=,JJqFp+YcacP5DMm1HkAsipERyNg=
65,33,T78Ilzk3ZNKhXscg3P6/ZADC2cs=,JJqFp+YcacP5DMm1HkAsipERyNg=
70,38,T78Ilzk3ZNKhXscg3P6/ZADC2cs=,JJqFp+YcacP5DMm1HkAsipERyNg=
71,38,T78Ilzk3ZNKhXscg3P6/ZADC2cs=,JJqFp+YcacP5DMm1HkAsipERyNg=
66,33,T78Ilzk3ZNKhXscg3P6/ZADC2cs=,JJqFp+YcacP5DMm1HkAsipERyNg=
64,33,T78Ilzk3ZNKhXscg3P6/ZADC2cs=,JJqFp+YcacP5DMm1HkAsipERyNg=
71,32,T78Ilzk3ZNKhXscg3P6/ZADC2cs=,JJqFp+YcacP5DMm1HkAsipERyNg=
69,32,T78Ilzk3ZNKhXscg3P6/ZADC2cs=,JJqFp+YcacP5DMm1HkAsipERyNg=
70,32,T78Ilzk3ZNKhXscg3P6/ZADC2cs=,JJqFp+YcacP5DMm1HkAsipERyNg=
69,36,T78Ilzk3ZNKhXscg3P6/ZADC2cs=,JJqFp+YcacP5DMm1HkAsipERyNg=
67,32,T78Ilzk3ZNKhXscg3P6/ZADC2cs=,JJqFp+YcacP5DMm1HkAsipERyNg=
68,33,T78Ilzk3ZNKhXscg3P6/ZADC2cs=,JJqFp+YcacP5DMm1HkAsipERyNg=
71,36,T78Ilzk3ZNKhXscg3P6/ZADC2cs=,JJqFp+YcacP5DMm1HkAsipERyNg=
64,37,T78Ilzk3ZNKhXscg3P6/ZADC2cs=,JJqFp+YcacP5DMm1HkAsipERyNg=
64,32,T78Ilzk3ZNKhXscg3P6/ZADC2cs=,JJqFp+YcacP5DMm1HkAsipERyNg=
72,36,T78Ilzk3ZNKhXscg3P6/ZADC2cs=,JJqFp+YcacP5DMm1HkAsipERyNg=
64,36,T78Ilzk3ZNKhXscg3P6/ZADC2cs=,JJqFp+YcacP5DMm1HkAsipERyNg=
69,38,T78Ilzk3ZNKhXscg3P6/ZADC2cs=,JJqFp+YcacP5DMm1HkAsipERyNg=
71,33,T78Ilzk3ZNKhXscg3P6/ZADC2cs=,JJqFp+YcacP5DMm1HkAsipERyNg=
72,34,T78Ilzk3ZNKhXscg3P6/ZADC2cs=,JJqFp+YcacP5DMm1HkAsipERyNg=
72,38,T78Ilzk3ZNKhXscg3P6/ZADC2cs=,JJqFp+YcacP5DMm1HkAsipERyNg=
70,33,T78Ilzk3ZNKhXscg3P6/ZADC2cs=,JJqFp+YcacP5DMm1HkAsipERyNg=
71,35,T78Ilzk3ZNKhXscg3P6/ZADC2cs=,JJqFp+YcacP5DMm1HkAsipERyNg=
65,34,T78Ilzk3ZNKhXscg3P6/ZADC2cs=,JJqFp+YcacP5DMm1HkAsipERyNg=
65,37,T78Ilzk3ZNKhXscg3P6/ZADC2cs=,JJqFp+YcacP5DMm1HkAsipERyNg=
68,38,T78Ilzk3ZNKhXscg3P6/ZADC2cs=,JJqFp+YcacP5DMm1HkAsipERyNg=
67,38,T78Ilzk3ZNKhXscg3P6/ZADC2cs=,JJqFp+YcacP5DMm1HkAsipERyNg=
72,33,T78Ilzk3ZNKhXscg3P6/ZADC2cs=,JJqFp+YcacP5DMm1HkAsipERyNg=
66,34,T78Ilzk3ZNKhXscg3P6/ZADC2cs=,JJqFp+YcacP5DMm1HkAsipERyNg=
67,36,T78Ilzk3ZNKhXscg3P6/ZADC2cs=,JJqFp+YcacP5DMm1HkAsipERyNg=
70,35,T78Ilzk3ZNKhXscg3P6/ZADC2cs=,JJqFp+YcacP5DMm1HkAsipERyNg=
68,36,T78Ilzk3ZNKhXscg3P6/ZADC2cs=,JJqFp+YcacP5DMm1HkAsipERyNg=
69,33,T78Ilzk3ZNKhXscg3P6/ZADC2cs=,JJqFp+YcacP5DMm1HkAsipERyNg=
72,32,T78Ilzk3ZNKhXscg3P6/ZADC2cs=,JJqFp+YcacP5DMm1HkAsipERyNg=
69,35,T78Ilzk3ZNKhXscg3P6/ZADC2cs=,JJqFp+YcacP5DMm1HkAsipERyNg=
67,34,T78Ilzk3ZNKhXscg3P6/ZADC2cs=,JJqFp+YcacP5DMm1HkAsipERyNg=
66,38,T78Ilzk3ZNKhXscg3P6/ZADC2cs=,JJqFp+YcacP5DMm1HkAsipERyNg=
65,38,T78Ilzk3ZNKhXscg3P6/ZADC2cs=,JJqFp+YcacP5DMm1HkAsipERyNg=
66,32,T78Ilzk3ZNKhXscg3P6/ZADC2cs=,JJqFp+YcacP5DMm1HkAsipERyNg=
66,36,T78Ilzk3ZNKhXscg3P6/ZADC2cs=,JJqFp+YcacP5DMm1HkAsipERyNg=
65,35,T78Ilzk3ZNKhXscg3P6/ZADC2cs=,JJqFp+YcacP5DMm1HkAsipERyNg=
64,35,T78Ilzk3ZNKhXscg3P6/ZADC2cs=,JJqFp+YcacP5DMm1HkAsipERyNg=
68,34,T78Ilzk3ZNKhXscg3P6/ZADC2cs=,JJqFp+YcacP5DMm1HkAsipERyNg=
68,35,T78Ilzk3ZNKhXscg3P6/ZADC2cs=,JJqFp+YcacP5DMm1HkAsipERyNg=
66,37,T78Ilzk3ZNKhXscg3P6/ZADC2cs=,JJqFp+YcacP5DMm1HkAsipERyNg=
69,34,T78Ilzk3ZNKhXscg3P6/ZADC2cs=,JJqFp+YcacP5DMm1HkAsipERyNg=
66,35,T78Ilzk3ZNKhXscg3P6/ZADC2cs=,JJqFp+YcacP5DMm1HkAsipERyNg=
70,34,T78Ilzk3ZNKhXscg3P6/ZADC2cs=,JJqFp+YcacP5DMm1HkAsipERyNg=
71,34,T78Ilzk3ZNKhXscg3P6/ZADC2cs=,JJqFp+YcacP5DMm1HkAsipERyNg=
64,38,T78Ilzk3ZNKhXscg3P6/ZADC2cs=,JJqFp+YcacP5DMm1HkAsipERyNg=
71,37,T78Ilzk3ZNKhXscg3P6/ZADC2cs=,JJqFp+YcacP5DMm1HkAsipERyNg=
67,37,T78Ilzk3ZNKhXscg3P6/ZADC2cs=,JJqFp+YcacP5DMm1HkAsipERyNg=
70,37,T78Ilzk3ZNKhXscg3P6/ZADC2cs=,JJqFp+YcacP5DMm1HkAsipERyNg=
65,32,T78Ilzk3ZNKhXscg3P6/ZADC2cs=,JJqFp+YcacP5DMm1HkAsipERyNg=
72,37,T78Ilzk3ZNKhXscg3P6/ZADC2cs=,JJqFp+YcacP5DMm1HkAsipERyNg=
69,37,T78Ilzk3ZNKhXscg3P6/ZADC2cs=,JJqFp+YcacP5DMm1HkAsipERyNg=
67,35,T78Ilzk3ZNKhXscg3P6/ZADC2cs=,JJqFp+YcacP5DMm1HkAsipERyNg=
68,37,T78Ilzk3ZNKhXscg3P6/ZADC2cs=,JJqFp+YcacP5DMm1HkAsipERyNg=
68,44,XyjmxjCk66xZ6lLAcWFCavVgh+s=,Scbg1XZ2d/yVJFHQu7GfJX2Njws=
69,44,XyjmxjCk66xZ6lLAcWFCavVgh+s=,Scbg1XZ2d/yVJFHQu7GfJX2Njws=
67,44,XyjmxjCk66xZ6lLAcWFCavVgh+s=,Scbg1XZ2d/yVJFHQu7GfJX2Njws=
70,44,XyjmxjCk66xZ6lLAcWFCavVgh+s=,Scbg1XZ2d/yVJFHQu7GfJX2Njws=
64,45,XyjmxjCk66xZ6lLAcWFCavVgh+s=,Scbg1XZ2d/yVJFHQu7GfJX2Njws=
65,45,XyjmxjCk66xZ6lLAcWFCavVgh+s=,Scbg1XZ2d/yVJFHQu7GfJX2Njws=
65,44,XyjmxjCk66xZ6lLAcWFCavVgh+s=,Scbg1XZ2d/yVJFHQu7GfJX2Njws=
66,45,XyjmxjCk66xZ6lLAcWFCavVgh+s=,Scbg1XZ2d/yVJFHQu7GfJX2Njws=
66,44,XyjmxjCk66xZ6lLAcWFCavVgh+s=,Scbg1XZ2d/yVJFHQu7GfJX2Njws=
67,45,XyjmxjCk66xZ6lLAcWFCavVgh+s=,Scbg1XZ2d/yVJFHQu7GfJX2Njws=
68,45,XyjmxjCk66xZ6lLAcWFCavVgh+s=,Scbg1XZ2d/yVJFHQu7GfJX2Njws=
69,45,XyjmxjCk66xZ6lLAcWFCavVgh+s=,Scbg1XZ2d/yVJFHQu7GfJX2Njws=
64,44,XyjmxjCk66xZ6lLAcWFCavVgh+s=,Scbg1XZ2d/yVJFHQu7GfJX2Njws=
70,43,XyjmxjCk66xZ6lLAcWFCavVgh+s=,Scbg1XZ2d/yVJFHQu7GfJX2Njws=
70,45,XyjmxjCk66xZ6lLAcWFCavVgh+s=,Scbg1XZ2d/yVJFHQu7GfJX2Njws=
68,43,XyjmxjCk66xZ6lLAcWFCavVgh+s=,Scbg1XZ2d/yVJFHQu7GfJX2Njws=
69,43,XyjmxjCk66xZ6lLAcWFCavVgh+s=,Scbg1XZ2d/yVJFHQu7GfJX2Njws=
64,46,XyjmxjCk66xZ6lLAcWFCavVgh+s=,Scbg1XZ2d/yVJFHQu7GfJX2Njws=
64,39,XyjmxjCk66xZ6lLAcWFCavVgh+s=,JJqFp+YcacP5DMm1HkAsipERyNg=
65,46,XyjmxjCk66xZ6lLAcWFCavVgh+s=,Scbg1XZ2d/yVJFHQu7GfJX2Njws=
67,43,XyjmxjCk66xZ6lLAcWFCavVgh+s=,Scbg1XZ2d/yVJFHQu7GfJX2Njws=
66,43,XyjmxjCk66xZ6lLAcWFCavVgh+s=,Scbg1XZ2d/yVJFHQu7GfJX2Njws=
70,47,XyjmxjCk66xZ6lLAcWFCavVgh+s=,Scbg1XZ2d/yVJFHQu7GfJX2Njws=
69,47,XyjmxjCk66xZ6lLAcWFCavVgh+s=,Scbg1XZ2d/yVJFHQu7GfJX2Njws=
68,47,XyjmxjCk66xZ6lLAcWFCavVgh+s=,Scbg1XZ2d/yVJFHQu7GfJX2Njws=
67,47,XyjmxjCk66xZ6lLAcWFCavVgh+s=,Scbg1XZ2d/yVJFHQu7GfJX2Njws=
66,47,XyjmxjCk66xZ6lLAcWFCavVgh+s=,Scbg1XZ2d/yVJFHQu7GfJX2Njws=
65,43,XyjmxjCk66xZ6lLAcWFCavVgh+s=,Scbg1XZ2d/yVJFHQu7GfJX2Njws=
65,39,XyjmxjCk66xZ6lLAcWFCavVgh+s=,JJqFp+YcacP5DMm1HkAsipERyNg=
64,43,XyjmxjCk66xZ6lLAcWFCavVgh+s=,Scbg1XZ2d/yVJFHQu7GfJX2Njws=
70,42,XyjmxjCk66xZ6lLAcWFCavVgh+s=,Scbg1XZ2d/yVJFHQu7GfJX2Njws=
66,39,XyjmxjCk66xZ6lLAcWFCavVgh+s=,JJqFp+YcacP5DMm1HkAsipERyNg=
69,42,XyjmxjCk66xZ6lLAcWFCavVgh+s=,Scbg1XZ2d/yVJFHQu7GfJX2Njws=
67,39,XyjmxjCk66xZ6lLAcWFCavVgh+s=,JJqFp+YcacP5DMm1HkAsipERyNg=
68,42,XyjmxjCk66xZ6lLAcWFCavVgh+s=,Scbg1XZ2d/yVJFHQu7GfJX2Njws=
67,42,XyjmxjCk66xZ6lLAcWFCavVgh+s=,Scbg1XZ2d/yVJFHQu7GfJX2Njws=
66,42,XyjmxjCk66xZ6lLAcWFCavVgh+s=,Scbg1XZ2d/yVJFHQu7GfJX2Njws=
68,39,XyjmxjCk66xZ6lLAcWFCavVgh+s=,JJqFp+YcacP5DMm1HkAsipERyNg=
65,42,XyjmxjCk66xZ6lLAcWFCavVgh+s=,Scbg1XZ2d/yVJFHQu7GfJX2Njws=
69,39,XyjmxjCk66xZ6lLAcWFCavVgh+s=,JJqFp+YcacP5DMm1HkAsipERyNg=
65,47,XyjmxjCk66xZ6lLAcWFCavVgh+s=,Scbg1XZ2d/yVJFHQu7GfJX2Njws=
64,42,XyjmxjCk66xZ6lLAcWFCavVgh+s=,Scbg1XZ2d/yVJFHQu7GfJX2Njws=
70,41,XyjmxjCk66xZ6lLAcWFCavVgh+s=,Scbg1XZ2d/yVJFHQu7GfJX2Njws=
70,39,XyjmxjCk66xZ6lLAcWFCavVgh+s=,JJqFp+YcacP5DMm1HkAsipERyNg=
69,41,XyjmxjCk66xZ6lLAcWFCavVgh+s=,Scbg1XZ2d/yVJFHQu7GfJX2Njws=
70,46,XyjmxjCk66xZ6lLAcWFCavVgh+s=,Scbg1XZ2d/yVJFHQu7GfJX2Njws=
69,46,XyjmxjCk66xZ6lLAcWFCavVgh+s=,Scbg1XZ2d/yVJFHQu7GfJX2Njws=
64,47,XyjmxjCk66xZ6lLAcWFCavVgh+s=,Scbg1XZ2d/yVJFHQu7GfJX2Njws=
64,40,XyjmxjCk66xZ6lLAcWFCavVgh+s=,Scbg1XZ2d/yVJFHQu7GfJX2Njws=
68,41,XyjmxjCk66xZ6lLAcWFCavVgh+s=,Scbg1XZ2d/yVJFHQu7GfJX2Njws=
67,41,XyjmxjCk66xZ6lLAcWFCavVgh+s=,Scbg1XZ2d/yVJFHQu7GfJX2Njws=
66,41,XyjmxjCk66xZ6lLAcWFCavVgh+s=,Scbg1XZ2d/yVJFHQu7GfJX2Njws=
65,40,XyjmxjCk66xZ6lLAcWFCavVgh+s=,Scbg1XZ2d/yVJFHQu7GfJX2Njws=
65,41,XyjmxjCk66xZ6lLAcWFCavVgh+s=,Scbg1XZ2d/yVJFHQu7GfJX2Njws=
66,40,XyjmxjCk66xZ6lLAcWFCavVgh+s=,Scbg1XZ2d/yVJFHQu7GfJX2Njws=
67,40,XyjmxjCk66xZ6lLAcWFCavVgh+s=,Scbg1XZ2d/yVJFHQu7GfJX2Njws=
66,46,XyjmxjCk66xZ6lLAcWFCavVgh+s=,Scbg1XZ2d/yVJFHQu7GfJX2Njws=
67,46,XyjmxjCk66xZ6lLAcWFCavVgh+s=,Scbg1XZ2d/yVJFHQu7GfJX2Njws=
64,41,XyjmxjCk66xZ6lLAcWFCavVgh+s=,Scbg1XZ2d/yVJFHQu7GfJX2Njws=
68,40,XyjmxjCk66xZ6lLAcWFCavVgh+s=,Scbg1XZ2d/yVJFHQu7GfJX2Njws=
68,46,XyjmxjCk66xZ6lLAcWFCavVgh+s=,Scbg1XZ2d/yVJFHQu7GfJX2Njws=
69,40,XyjmxjCk66xZ6lLAcWFCavVgh+s=,Scbg1XZ2d/yVJFHQu7GfJX2Njws=
70,40,XyjmxjCk66xZ6lLAcWFCavVgh+s=,Scbg1XZ2d/yVJFHQu7GfJX2Njws=
79,39,xCKdY+sUnt/vjf9y55TAcrbhTss=,JJqFp+YcacP5DMm1HkAsipERyNg=
78,47,xCKdY+sUnt/vjf9y55TAcrbhTss=,JJqFp+YcacP5DMm1HkAsipERyNg=
79,47,xCKdY+sUnt/vjf9y55TAcrbhTss=,JJqFp+YcacP5DMm1HkAsipERyNg=
78,42,xCKdY+sUnt/vjf9y55TAcrbhTss=,JJqFp+YcacP5DMm1HkAsipERyNg=
78,39,xCKdY+sUnt/vjf9y55TAcrbhTss=,JJqFp+YcacP5DMm1HkAsipERyNg=
79,42,xCKdY+sUnt/vjf9y55TAcrbhTss=,JJqFp+YcacP5DMm1HkAsipERyNg=
77,47,xCKdY+sUnt/vjf9y55TAcrbhTss=,JJqFp+YcacP5DMm1HkAsipERyNg=
77,39,xCKdY+sUnt/vjf9y55TAcrbhTss=,JJqFp+YcacP5DMm1HkAsipERyNg=
72,43,xCKdY+sUnt/vjf9y55TAcrbhTss=,JJqFp+YcacP5DMm1HkAsipERyNg=
76,39,xCKdY+sUnt/vjf9y55TAcrbhTss=,JJqFp+YcacP5DMm1HkAsipERyNg=
76,47,xCKdY+sUnt/vjf9y55TAcrbhTss=,JJqFp+YcacP5DMm1HkAsipERyNg=
71,44,xCKdY+sUnt/vjf9y55TAcrbhTss=,Scbg1XZ2d/yVJFHQu7GfJX2Njws=
75,47,xCKdY+sUnt/vjf9y55TAcrbhTss=,JJqFp+YcacP5DMm1HkAsipERyNg=
75,39,xCKdY+sUnt/vjf9y55TAcrbhTss=,JJqFp+YcacP5DMm1HkAsipERyNg=
73,43,xCKdY+sUnt/vjf9y55TAcrbhTss=,JJqFp+YcacP5DMm1HkAsipERyNg=
77,42,xCKdY+sUnt/vjf9y55TAcrbhTss=,JJqFp+YcacP5DMm1HkAsipERyNg=
74,43,xCKdY+sUnt/vjf9y55TAcrbhTss=,JJqFp+YcacP5DMm1HkAsipERyNg=
76,42,xCKdY+sUnt/vjf9y55TAcrbhTss=,JJqFp+YcacP5DMm1HkAsipERyNg=
74,47,xCKdY+sUnt/vjf9y55TAcrbhTss=,JJqFp+YcacP5DMm1HkAsipERyNg=
75,43,xCKdY+sUnt/vjf9y55TAcrbhTss=,JJqFp+YcacP5DMm1HkAsipERyNg=
75,42,xCKdY+sUnt/vjf9y55TAcrbhTss=,JJqFp+YcacP5DMm1HkAsipERyNg=
74,42,xCKdY+sUnt/vjf9y55TAcrbhTss=,JJqFp+YcacP5DMm1HkAsipERyNg=
76,43,xCKdY+sUnt/vjf9y55TAcrbhTss=,JJqFp+YcacP5DMm1HkAsipERyNg=
73,47,xCKdY+sUnt/vjf9y55TAcrbhTss=,JJqFp+YcacP5DMm1HkAsipERyNg=
73,39,xCKdY+sUnt/vjf9y55TAcrbhTss=,JJqFp+YcacP5DMm1HkAsipERyNg=
74,39,xCKdY+sUnt/vjf9y55TAcrbhTss=,JJqFp+YcacP5DMm1HkAsipERyNg=
72,39,xCKdY+sUnt/vjf9y55TAcrbhTss=,JJqFp+YcacP5DMm1HkAsipERyNg=
71,45,xCKdY+sUnt/vjf9y55TAcrbhTss=,Scbg1XZ2d/yVJFHQu7GfJX2Njws=
73,42,xCKdY+sUnt/vjf9y55TAcrbhTss=,JJqFp+YcacP5DMm1HkAsipERyNg=
72,47,xCKdY+sUnt/vjf9y55TAcrbhTss=,JJqFp+YcacP5DMm1HkAsipERyNg=
77,43,xCKdY+sUnt/vjf9y55TAcrbhTss=,JJqFp+YcacP5DMm1HkAsipERyNg=
79,46,xCKdY+sUnt/vjf9y55TAcrbhTss=,JJqFp+YcacP5DMm1HkAsipERyNg=
78,46,xCKdY+sUnt/vjf9y55TAcrbhTss=,JJqFp+YcacP5DMm1HkAsipERyNg=
72,42,xCKdY+sUnt/vjf9y55TAcrbhTss=,JJqFp+YcacP5DMm1HkAsipERyNg=
78,43,xCKdY+sUnt/vjf9y55TAcrbhTss=,JJqFp+YcacP5DMm1HkAsipERyNg=
79,41,xCKdY+sUnt/vjf9y55TAcrbhTss=,JJqFp+YcacP5DMm1HkAsipERyNg=
79,43,xCKdY+sUnt/vjf9y55TAcrbhTss=,JJqFp+YcacP5DMm1HkAsipERyNg=
78,41,xCKdY+sUnt/vjf9y55TAcrbhTss=,JJqFp+YcacP5DMm1HkAsipERyNg=
77,41,xCKdY+sUnt/vjf9y55TAcrbhTss=,JJqFp+YcacP5DMm1HkAsipERyNg=
76,41,xCKdY+sUnt/vjf9y55TAcrbhTss=,JJqFp+YcacP5DMm1HkAsipERyNg=
72,44,xCKdY+sUnt/vjf9y55TAcrbhTss=,JJqFp+YcacP5DMm1HkAsipERyNg=
74,41,xCKdY+sUnt/vjf9y55TAcrbhTss=,JJqFp+YcacP5DMm1HkAsipERyNg=
75,41,xCKdY+sUnt/vjf9y55TAcrbhTss=,JJqFp+YcacP5DMm1HkAsipERyNg=
71,39,xCKdY+sUnt/vjf9y55TAcrbhTss=,JJqFp+YcacP5DMm1HkAsipERyNg=
73,41,xCKdY+sUnt/vjf9y55TAcrbhTss=,JJqFp+YcacP5DMm1HkAsipERyNg=
72,41,xCKdY+sUnt/vjf9y55TAcrbhTss=,JJqFp+YcacP5DMm1HkAsipERyNg=
73,44,xCKdY+sUnt/vjf9y55TAcrbhTss=,JJqFp+YcacP5DMm1HkAsipERyNg=
76,46,xCKdY+sUnt/vjf9y55TAcrbhTss=,JJqFp+YcacP5DMm1HkAsipERyNg=
77,46,xCKdY+sUnt/vjf9y55TAcrbhTss=,JJqFp+YcacP5DMm1HkAsipERyNg=
74,44,xCKdY+sUnt/vjf9y55TAcrbhTss=,JJqFp+YcacP5DMm1HkAsipERyNg=
71,43,xCKdY+sUnt/vjf9y55TAcrbhTss=,Scbg1XZ2d/yVJFHQu7GfJX2Njws=
79,40,xCKdY+sUnt/vjf9y55TAcrbhTss=,JJqFp+YcacP5DMm1HkAsipERyNg=
75,44,xCKdY+sUnt/vjf9y55TAcrbhTss=,JJqFp+YcacP5DMm1HkAsipERyNg=
78,40,xCKdY+sUnt/vjf9y55TAcrbhTss=,JJqFp+YcacP5DMm1HkAsipERyNg=
75,46,xCKdY+sUnt/vjf9y55TAcrbhTss=,JJqFp+YcacP5DMm1HkAsipERyNg=
77,40,xCKdY+sUnt/vjf9y55TAcrbhTss=,JJqFp+YcacP5DMm1HkAsipERyNg=
71,40,xCKdY+sUnt/vjf9y55TAcrbhTss=,Scbg1XZ2d/yVJFHQu7GfJX2Njws=
74,46,xCKdY+sUnt/vjf9y55TAcrbhTss=,JJqFp+YcacP5DMm1HkAsipERyNg=
73,46,xCKdY+sUnt/vjf9y55TAcrbhTss=,JJqFp+YcacP5DMm1HkAsipERyNg=
71,46,xCKdY+sUnt/vjf9y55TAcrbhTss=,Scbg1XZ2d/yVJFHQu7GfJX2Njws=
76,40,xCKdY+sUnt/vjf9y55TAcrbhTss=,JJqFp+YcacP5DMm1HkAsipERyNg=
79,45,xCKdY+sUnt/vjf9y55TAcrbhTss=,JJqFp+YcacP5DMm1HkAsipERyNg=
72,46,xCKdY+sUnt/vjf9y55TAcrbhTss=,JJqFp+YcacP5DMm1HkAsipERyNg=
78,45,xCKdY+sUnt/vjf9y55TAcrbhTss=,JJqFp+YcacP5DMm1HkAsipERyNg=
71,41,xCKdY+sUnt/vjf9y55TAcrbhTss=,Scbg1XZ2d/yVJFHQu7GfJX2Njws=
75,40,xCKdY+sUnt/vjf9y55TAcrbhTss=,JJqFp+YcacP5DMm1HkAsipERyNg=
76,44,xCKdY+sUnt/vjf9y55TAcrbhTss=,JJqFp+YcacP5DMm1HkAsipERyNg=
77,44,xCKdY+sUnt/vjf9y55TAcrbhTss=,JJqFp+YcacP5DMm1HkAsipERyNg=
74,40,xCKdY+sUnt/vjf9y55TAcrbhTss=,JJqFp+YcacP5DMm1HkAsipERyNg=
78,44,xCKdY+sUnt/vjf9y55TAcrbhTss=,JJqFp+YcacP5DMm1HkAsipERyNg=
79,44,xCKdY+sUnt/vjf9y55TAcrbhTss=,JJqFp+YcacP5DMm1HkAsipERyNg=
73,40,xCKdY+sUnt/vjf9y55TAcrbhTss=,JJqFp+YcacP5DMm1HkAsipERyNg=
77,45,xCKdY+sUnt/vjf9y55TAcrbhTss=,JJqFp+YcacP5DMm1HkAsipERyNg=
76,45,xCKdY+sUnt/vjf9y55TAcrbhTss=,JJqFp+YcacP5DMm1HkAsipERyNg=
72,40,xCKdY+sUnt/vjf9y55TAcrbhTss=,JJqFp+YcacP5DMm1HkAsipERyNg=
71,42,xCKdY+sUnt/vjf9y55TAcrbhTss=,Scbg1XZ2d/yVJFHQu7GfJX2Njws=
71,47,xCKdY+sUnt/vjf9y55TAcrbhTss=,Scbg1XZ2d/yVJFHQu7GfJX2Njws=
75,45,xCKdY+sUnt/vjf9y55TAcrbhTss=,JJqFp+YcacP5DMm1HkAsipERyNg=
72,45,xCKdY+sUnt/vjf9y55TAcrbhTss=,JJqFp+YcacP5DMm1HkAsipERyNg=
74,45,xCKdY+sUnt/vjf9y55TAcrbhTss=,JJqFp+YcacP5DMm1HkAsipERyNg=
73,45,xCKdY+sUnt/vjf9y55TAcrbhTss=,JJqFp+YcacP5DMm1HkAsipERyNg=
69,62,khiFiL65HEbgB7469mOjzaS4as8=,Scbg1XZ2d/yVJFHQu7GfJX2Njws=
70,62,khiFiL65HEbgB7469mOjzaS4as8=,Scbg1XZ2d/yVJFHQu7GfJX2Njws=
68,62,khiFiL65HEbgB7469mOjzaS4as8=,Scbg1XZ2d/yVJFHQu7GfJX2Njws=
67,62,khiFiL65HEbgB7469mOjzaS4as8=,Scbg1XZ2d/yVJFHQu7GfJX2Njws=
65,62,khiFiL65HEbgB7469mOjzaS4as8=,Scbg1XZ2d/yVJFHQu7GfJX2Njws=
66,62,khiFiL65HEbgB7469mOjzaS4as8=,Scbg1XZ2d/yVJFHQu7GfJX2Njws=
70,61,khiFiL65HEbgB7469mOjzaS4as8=,Scbg1XZ2d/yVJFHQu7GfJX2Njws=
69,61,khiFiL65HEbgB7469mOjzaS4as8=,Scbg1XZ2d/yVJFHQu7GfJX2Njws=
67,61,khiFiL65HEbgB7469mOjzaS4as8=,Scbg1XZ2d/yVJFHQu7GfJX2Njws=
68,61,khiFiL65HEbgB7469mOjzaS4as8=,Scbg1XZ2d/yVJFHQu7GfJX2Njws=
66,61,khiFiL65HEbgB7469mOjzaS4as8=,Scbg1XZ2d/yVJFHQu7GfJX2Njws=
65,61,khiFiL65HEbgB7469mOjzaS4as8=,Scbg1XZ2d/yVJFHQu7GfJX2Njws=
70,60,khiFiL65HEbgB7469mOjzaS4as8=,Scbg1XZ2d/yVJFHQu7GfJX2Njws=
69,60,khiFiL65HEbgB7469mOjzaS4as8=,Scbg1XZ2d/yVJFHQu7GfJX2Njws=
67,60,khiFiL65HEbgB7469mOjzaS4as8=,Scbg1XZ2d/yVJFHQu7GfJX2Njws=
68,60,khiFiL65HEbgB7469mOjzaS4as8=,Scbg1XZ2d/yVJFHQu7GfJX2Njws=
66,60,khiFiL65HEbgB7469mOjzaS4as8=,Scbg1XZ2d/yVJFHQu7GfJX2Njws=
65,60,khiFiL65HEbgB7469mOjzaS4as8=,Scbg1XZ2d/yVJFHQu7GfJX2Njws=
70,59,khiFiL65HEbgB7469mOjzaS4as8=,Scbg1XZ2d/yVJFHQu7GfJX2Njws=
69,59,khiFiL65HEbgB7469mOjzaS4as8=,Scbg1XZ2d/yVJFHQu7GfJX2Njws=
67,59,khiFiL65HEbgB7469mOjzaS4as8=,Scbg1XZ2d/yVJFHQu7GfJX2Njws=
68,59,khiFiL65HEbgB7469mOjzaS4as8=,Scbg1XZ2d/yVJFHQu7GfJX2Njws=
65,59,khiFiL65HEbgB7469mOjzaS4as8=,Scbg1XZ2d/yVJFHQu7GfJX2Njws=
66,59,khiFiL65HEbgB7469mOjzaS4as8=,Scbg1XZ2d/yVJFHQu7GfJX2Njws=
69,58,khiFiL65HEbgB7469mOjzaS4as8=,Scbg1XZ2d/yVJFHQu7GfJX2Njws=
70,58,khiFiL65HEbgB7469mOjzaS4as8=,Scbg1XZ2d/yVJFHQu7GfJX2Njws=
65,57,khiFiL65HEbgB7469mOjzaS4as8=,Scbg1XZ2d/yVJFHQu7GfJX2Njws=
66,57,khiFiL65HEbgB7469mOjzaS4as8=,Scbg1XZ2d/yVJFHQu7GfJX2Njws=
67,58,khiFiL65HEbgB7469mOjzaS4as8=,Scbg1XZ2d/yVJFHQu7GfJX2Njws=
66,58,khiFiL65HEbgB7469mOjzaS4as8=,Scbg1XZ2d/yVJFHQu7GfJX2Njws=
65,58,khiFiL65HEbgB7469mOjzaS4as8=,Scbg1XZ2d/yVJFHQu7GfJX2Njws=
68,58,khiFiL65HEbgB7469mOjzaS4as8=,Scbg1XZ2d/yVJFHQu7GfJX2Njws=
67,57,khiFiL65HEbgB7469mOjzaS4as8=,Scbg1XZ2d/yVJFHQu7GfJX2Njws=
69,57,khiFiL65HEbgB7469mOjzaS4as8=,Scbg1XZ2d/yVJFHQu7GfJX2Njws=
70,57,khiFiL65HEbgB7469mOjzaS4as8=,Scbg1XZ2d/yVJFHQu7GfJX2Njws=
68,57,khiFiL65HEbgB7469mOjzaS4as8=,Scbg1XZ2d/yVJFHQu7GfJX2Njws=
68,63,khiFiL65HEbgB7469mOjzaS4as8=,Scbg1XZ2d/yVJFHQu7GfJX2Njws=
67,63,khiFiL65HEbgB7469mOjzaS4as8=,Scbg1XZ2d/yVJFHQu7GfJX2Njws=
66,63,khiFiL65HEbgB7469mOjzaS4as8=,Scbg1XZ2d/yVJFHQu7GfJX2Njws=
65,63,khiFiL65HEbgB7469mOjzaS4as8=,Scbg1XZ2d/yVJFHQu7GfJX2Njws=
70,63,khiFiL65HEbgB7469mOjzaS4as8=,Scbg1XZ2d/yVJFHQu7GfJX2Njws=
69,63,khiFiL65HEbgB7469mOjzaS4as8=,Scbg1XZ2d/yVJFHQu7GfJX2Njws=
64,62,khiFiL65HEbgB7469mOjzaS4as8=,Scbg1XZ2d/yVJFHQu7GfJX2Njws=
64,60,khiFiL65HEbgB7469mOjzaS4as8=,Scbg1XZ2d/yVJFHQu7GfJX2Njws=
64,61,khiFiL65HEbgB7469mOjzaS4as8=,Scbg1XZ2d/yVJFHQu7GfJX2Njws=
64,59,khiFiL65HEbgB7469mOjzaS4as8=,Scbg1XZ2d/yVJFHQu7GfJX2Njws=
64,63,khiFiL65HEbgB7469mOjzaS4as8=,Scbg1XZ2d/yVJFHQu7GfJX2Njws=
64,58,khiFiL65HEbgB7469mOjzaS4as8=,Scbg1XZ2d/yVJFHQu7GfJX2Njws=
64,57,khiFiL65HEbgB7469mOjzaS4as8=,Scbg1XZ2d/yVJFHQu7GfJX2Njws=
73,51,0+uvQIsHLkAMH1MTG1herpgYRPs=,JJqFp+YcacP5DMm1HkAsipERyNg=
74,51,0+uvQIsHLkAMH1MTG1herpgYRPs=,JJqFp+YcacP5DMm1HkAsipERyNg=
76,51,0+uvQIsHLkAMH1MTG1herpgYRPs=,JJqFp+YcacP5DMm1HkAsipERyNg=
75,51,0+uvQIsHLkAMH1MTG1herpgYRPs=,JJqFp+YcacP5DMm1HkAsipERyNg=
78,50,0+uvQIsHLkAMH1MTG1herpgYRPs=,JJqFp+YcacP5DMm1HkAsipERyNg=
79,50,0+uvQIsHLkAMH1MTG1herpgYRPs=,JJqFp+YcacP5DMm1HkAsipERyNg=
77,50,0+uvQIsHLkAMH1MTG1herpgYRPs=,JJqFp+YcacP5DMm1HkAsipERyNg=
77,51,0+uvQIsHLkAMH1MTG1herpgYRPs=,JJqFp+YcacP5DMm1HkAsipERyNg=
78,51,0+uvQIsHLkAMH1MTG1herpgYRPs=,JJqFp+YcacP5DMm1HkAsipERyNg=
79,51,0+uvQIsHLkAMH1MTG1herpgYRPs=,JJqFp+YcacP5DMm1HkAsipERyNg=
73,52,0+uvQIsHLkAMH1MTG1herpgYRPs=,JJqFp+YcacP5DMm1HkAsipERyNg=
74,52,0+uvQIsHLkAMH1MTG1herpgYRPs=,JJqFp+YcacP5DMm1HkAsipERyNg=
76,50,0+uvQIsHLkAMH1MTG1herpgYRPs=,JJqFp+YcacP5DMm1HkAsipERyNg=
75,50,0+uvQIsHLkAMH1MTG1herpgYRPs=,JJqFp+YcacP5DMm1HkAsipERyNg=
74,50,0+uvQIsHLkAMH1MTG1herpgYRPs=,JJqFp+YcacP5DMm1HkAsipERyNg=
73,50,0+uvQIsHLkAMH1MTG1herpgYRPs=,JJqFp+YcacP5DMm1HkAsipERyNg=
75,52,0+uvQIsHLkAMH1MTG1herpgYRPs=,JJqFp+YcacP5DMm1HkAsipERyNg=
79,49,0+uvQIsHLkAMH1MTG1herpgYRPs=,JJqFp+YcacP5DMm1HkAsipERyNg=
76,52,0+uvQIsHLkAMH1MTG1herpgYRPs=,JJqFp+YcacP5DMm1HkAsipERyNg=
79,54,0+uvQIsHLkAMH1MTG1herpgYRPs=,JJqFp+YcacP5DMm1HkAsipERyNg=
77,52,0+uvQIsHLkAMH1MTG1herpgYRPs=,JJqFp+YcacP5DMm1HkAsipERyNg=
78,54,0+uvQIsHLkAMH1MTG1herpgYRPs=,JJqFp+YcacP5DMm1HkAsipERyNg=
77,54,0+uvQIsHLkAMH1MTG1herpgYRPs=,JJqFp+YcacP5DMm1HkAsipERyNg=
78,52,0+uvQIsHLkAMH1MTG1herpgYRPs=,JJqFp+YcacP5DMm1HkAsipERyNg=
79,52,0+uvQIsHLkAMH1MTG1herpgYRPs=,JJqFp+YcacP5DMm1HkAsipERyNg=
73,53,0+uvQIsHLkAMH1MTG1herpgYRPs=,JJqFp+YcacP5DMm1HkAsipERyNg=
74,53,0+uvQIsHLkAMH1MTG1herpgYRPs=,JJqFp+YcacP5DMm1HkAsipERyNg=
75,54,0+uvQIsHLkAMH1MTG1herpgYRPs=,JJqFp+YcacP5DMm1HkAsipERyNg=
76,54,0+uvQIsHLkAMH1MTG1herpgYRPs=,JJqFp+YcacP5DMm1HkAsipERyNg=
78,49,0+uvQIsHLkAMH1MTG1herpgYRPs=,JJqFp+YcacP5DMm1HkAsipERyNg=
77,49,0+uvQIsHLkAMH1MTG1herpgYRPs=,JJqFp+YcacP5DMm1HkAsipERyNg=
74,54,0+uvQIsHLkAMH1MTG1herpgYRPs=,JJqFp+YcacP5DMm1HkAsipERyNg=
76,49,0+uvQIsHLkAMH1MTG1herpgYRPs=,JJqFp+YcacP5DMm1HkAsipERyNg=
75,49,0+uvQIsHLkAMH1MTG1herpgYRPs=,JJqFp+YcacP5DMm1HkAsipERyNg=
75,53,0+uvQIsHLkAMH1MTG1herpgYRPs=,JJqFp+YcacP5DMm1HkAsipERyNg=
73,54,0+uvQIsHLkAMH1MTG1herpgYRPs=,JJqFp+YcacP5DMm1HkAsipERyNg=
74,49,0+uvQIsHLkAMH1MTG1herpgYRPs=,JJqFp+YcacP5DMm1HkAsipERyNg=
76,53,0+uvQIsHLkAMH1MTG1herpgYRPs=,JJqFp+YcacP5DMm1HkAsipERyNg=
73,49,0+uvQIsHLkAMH1MTG1herpgYRPs=,JJqFp+YcacP5DMm1HkAsipERyNg=
79,53,0+uvQIsHLkAMH1MTG1herpgYRPs=,JJqFp+YcacP5DMm1HkAsipERyNg=
79,48,0+uvQIsHLkAMH1MTG1herpgYRPs=,JJqFp+YcacP5DMm1HkAsipERyNg=
77,53,0+uvQIsHLkAMH1MTG1herpgYRPs=,JJqFp+YcacP5DMm1HkAsipERyNg=
78,48,0+uvQIsHLkAMH1MTG1herpgYRPs=,JJqFp+YcacP5DMm1HkAsipERyNg=
77,48,0+uvQIsHLkAMH1MTG1herpgYRPs=,JJqFp+YcacP5DMm1HkAsipERyNg=
73,48,0+uvQIsHLkAMH1MTG1herpgYRPs=,JJqFp+YcacP5DMm1HkAsipERyNg=
76,48,0+uvQIsHLkAMH1MTG1herpgYRPs=,JJqFp+YcacP5DMm1HkAsipERyNg=
74,48,0+uvQIsHLkAMH1MTG1herpgYRPs=,JJqFp+YcacP5DMm1HkAsipERyNg=
78,53,0+uvQIsHLkAMH1MTG1herpgYRPs=,JJqFp+YcacP5DMm1HkAsipERyNg=
75,48,0+uvQIsHLkAMH1MTG1herpgYRPs=,JJqFp+YcacP5DMm1HkAsipERyNg=
76,61,epp3u7sW6HgWJbqcktoyIUitYrw=,Scbg1XZ2d/yVJFHQu7GfJX2Njws=
77,55,epp3u7sW6HgWJbqcktoyIUitYrw=,JJqFp+YcacP5DMm1HkAsipERyNg=
78,55,epp3u7sW6HgWJbqcktoyIUitYrw=,JJqFp+YcacP5DMm1HkAsipERyNg=
79,55,epp3u7sW6HgWJbqcktoyIUitYrw=,JJqFp+YcacP5DMm1HkAsipERyNg=
75,61,epp3u7sW6HgWJbqcktoyIUitYrw=,Scbg1XZ2d/yVJFHQu7GfJX2Njws=
74,61,epp3u7sW6HgWJbqcktoyIUitYrw=,Scbg1XZ2d/yVJFHQu7GfJX2Njws=
73,61,epp3u7sW6HgWJbqcktoyIUitYrw=,Scbg1XZ2d/yVJFHQu7GfJX2Njws=
72,61,epp3u7sW6HgWJbqcktoyIUitYrw=,Scbg1XZ2d/yVJFHQu7GfJX2Njws=
74,55,epp3u7sW6HgWJbqcktoyIUitYrw=,JJqFp+YcacP5DMm1HkAsipERyNg=
71,62,epp3u7sW6HgWJbqcktoyIUitYrw=,Scbg1XZ2d/yVJFHQu7GfJX2Njws=
79,60,epp3u7sW6HgWJbqcktoyIUitYrw=,Scbg1XZ2d/yVJFHQu7GfJX2Njws=
75,55,epp3u7sW6HgWJbqcktoyIUitYrw=,JJqFp+YcacP5DMm1HkAsipERyNg=
76,55,epp3u7sW6HgWJbqcktoyIUitYrw=,JJqFp+YcacP5DMm1HkAsipERyNg=
78,60,epp3u7sW6HgWJbqcktoyIUitYrw=,Scbg1XZ2d/yVJFHQu7GfJX2Njws=
73,55,epp3u7sW6HgWJbqcktoyIUitYrw=,JJqFp+YcacP5DMm1HkAsipERyNg=
71,61,epp3u7sW6HgWJbqcktoyIUitYrw=,Scbg1XZ2d/yVJFHQu7GfJX2Njws=
77,60,epp3u7sW6HgWJbqcktoyIUitYrw=,Scbg1XZ2d/yVJFHQu7GfJX2Njws=
76,60,epp3u7sW6HgWJbqcktoyIUitYrw=,Scbg1XZ2d/yVJFHQu7GfJX2Njws=
75,60,epp3u7sW6HgWJbqcktoyIUitYrw=,Scbg1XZ2d/yVJFHQu7GfJX2Njws=
72,60,epp3u7sW6HgWJbqcktoyIUitYrw=,Scbg1XZ2d/yVJFHQu7GfJX2Njws=
79,63,epp3u7sW6HgWJbqcktoyIUitYrw=,Scbg1XZ2d/yVJFHQu7GfJX2Njws=
73,60,epp3u7sW6HgWJbqcktoyIUitYrw=,Scbg1XZ2d/yVJFHQu7GfJX2Njws=
78,63,epp3u7sW6HgWJbqcktoyIUitYrw=,Scbg1XZ2d/yVJFHQu7GfJX2Njws=
77,63,epp3u7sW6HgWJbqcktoyIUitYrw=,Scbg1XZ2d/yVJFHQu7GfJX2Njws=
76,63,epp3u7sW6HgWJbqcktoyIUitYrw=,Scbg1XZ2d/yVJFHQu7GfJX2Njws=
75,63,epp3u7sW6HgWJbqcktoyIUitYrw=,Scbg1XZ2d/yVJFHQu7GfJX2Njws=
79,59,epp3u7sW6HgWJbqcktoyIUitYrw=,Scbg1XZ2d/yVJFHQu7GfJX2Njws=
71,60,epp3u7sW6HgWJbqcktoyIUitYrw=,Scbg1XZ2d/yVJFHQu7GfJX2Njws=
74,60,epp3u7sW6HgWJbqcktoyIUitYrw=,Scbg1XZ2d/yVJFHQu7GfJX2Njws=
78,59,epp3u7sW6HgWJbqcktoyIUitYrw=,Scbg1XZ2d/yVJFHQu7GfJX2Njws=
77,59,epp3u7sW6HgWJbqcktoyIUitYrw=,Scbg1XZ2d/yVJFHQu7GfJX2Njws=
76,59,epp3u7sW6HgWJbqcktoyIUitYrw=,Scbg1XZ2d/yVJFHQu7GfJX2Njws=
75,59,epp3u7sW6HgWJbqcktoyIUitYrw=,Scbg1XZ2d/yVJFHQu7GfJX2Njws=
74,63,epp3u7sW6HgWJbqcktoyIUitYrw=,Scbg1XZ2d/yVJFHQu7GfJX2Njws=
74,59,epp3u7sW6HgWJbqcktoyIUitYrw=,Scbg1XZ2d/yVJFHQu7GfJX2Njws=
73,59,epp3u7sW6HgWJbqcktoyIUitYrw=,Scbg1XZ2d/yVJFHQu7GfJX2Njws=
72,59,epp3u7sW6HgWJbqcktoyIUitYrw=,Scbg1XZ2d/yVJFHQu7GfJX2Njws=
71,59,epp3u7sW6HgWJbqcktoyIUitYrw=,Scbg1XZ2d/yVJFHQu7GfJX2Njws=
73,63,epp3u7sW6HgWJbqcktoyIUitYrw=,Scbg1XZ2d/yVJFHQu7GfJX2Njws=
72,63,epp3u7sW6HgWJbqcktoyIUitYrw=,Scbg1XZ2d/yVJFHQu7GfJX2Njws=
71,58,epp3u7sW6HgWJbqcktoyIUitYrw=,Scbg1XZ2d/yVJFHQu7GfJX2Njws=
79,58,epp3u7sW6HgWJbqcktoyIUitYrw=,Scbg1XZ2d/yVJFHQu7GfJX2Njws=
78,58,epp3u7sW6HgWJbqcktoyIUitYrw=,Scbg1XZ2d/yVJFHQu7GfJX2Njws=
79,62,epp3u7sW6HgWJbqcktoyIUitYrw=,Scbg1XZ2d/yVJFHQu7GfJX2Njws=
77,58,epp3u7sW6HgWJbqcktoyIUitYrw=,Scbg1XZ2d/yVJFHQu7GfJX2Njws=
75,58,epp3u7sW6HgWJbqcktoyIUitYrw=,Scbg1XZ2d/yVJFHQu7GfJX2Njws=
78,62,epp3u7sW6HgWJbqcktoyIUitYrw=,Scbg1XZ2d/yVJFHQu7GfJX2Njws=
77,62,epp3u7sW6HgWJbqcktoyIUitYrw=,Scbg1XZ2d/yVJFHQu7GfJX2Njws=
76,58,epp3u7sW6HgWJbqcktoyIUitYrw=,Scbg1XZ2d/yVJFHQu7GfJX2Njws=
74,58,epp3u7sW6HgWJbqcktoyIUitYrw=,Scbg1XZ2d/yVJFHQu7GfJX2Njws=
73,58,epp3u7sW6HgWJbqcktoyIUitYrw=,Scbg1XZ2d/yVJFHQu7GfJX2Njws=
76,62,epp3u7sW6HgWJbqcktoyIUitYrw=,Scbg1XZ2d/yVJFHQu7GfJX2Njws=
75,62,epp3u7sW6HgWJbqcktoyIUitYrw=,Scbg1XZ2d/yVJFHQu7GfJX2Njws=
72,58,epp3u7sW6HgWJbqcktoyIUitYrw=,Scbg1XZ2d/yVJFHQu7GfJX2Njws=
78,57,epp3u7sW6HgWJbqcktoyIUitYrw=,Scbg1XZ2d/yVJFHQu7GfJX2Njws=
79,57,epp3u7sW6HgWJbqcktoyIUitYrw=,Scbg1XZ2d/yVJFHQu7GfJX2Njws=
74,62,epp3u7sW6HgWJbqcktoyIUitYrw=,Scbg1XZ2d/yVJFHQu7GfJX2Njws=
71,57,epp3u7sW6HgWJbqcktoyIUitYrw=,Scbg1XZ2d/yVJFHQu7GfJX2Njws=
73,62,epp3u7sW6HgWJbqcktoyIUitYrw=,Scbg1XZ2d/yVJFHQu7GfJX2Njws=
77,57,epp3u7sW6HgWJbqcktoyIUitYrw=,Scbg1XZ2d/yVJFHQu7GfJX2Njws=
76,57,epp3u7sW6HgWJbqcktoyIUitYrw=,Scbg1XZ2d/yVJFHQu7GfJX2Njws=
75,57,epp3u7sW6HgWJbqcktoyIUitYrw=,Scbg1XZ2d/yVJFHQu7GfJX2Njws=
74,57,epp3u7sW6HgWJbqcktoyIUitYrw=,Scbg1XZ2d/yVJFHQu7GfJX2Njws=
73,57,epp3u7sW6HgWJbqcktoyIUitYrw=,Scbg1XZ2d/yVJFHQu7GfJX2Njws=
79,56,epp3u7sW6HgWJbqcktoyIUitYrw=,Scbg1XZ2d/yVJFHQu7GfJX2Njws=
78,56,epp3u7sW6HgWJbqcktoyIUitYrw=,Scbg1XZ2d/yVJFHQu7GfJX2Njws=
77,56,epp3u7sW6HgWJbqcktoyIUitYrw=,Scbg1XZ2d/yVJFHQu7GfJX2Njws=
72,57,epp3u7sW6HgWJbqcktoyIUitYrw=,Scbg1XZ2d/yVJFHQu7GfJX2Njws=
72,62,epp3u7sW6HgWJbqcktoyIUitYrw=,Scbg1XZ2d/yVJFHQu7GfJX2Njws=
79,61,epp3u7sW6HgWJbqcktoyIUitYrw=,Scbg1XZ2d/yVJFHQu7GfJX2Njws=
76,56,epp3u7sW6HgWJbqcktoyIUitYrw=,Scbg1XZ2d/yVJFHQu7GfJX2Njws=
74,56,epp3u7sW6HgWJbqcktoyIUitYrw=,Scbg1XZ2d/yVJFHQu7GfJX2Njws=
78,61,epp3u7sW6HgWJbqcktoyIUitYrw=,Scbg1XZ2d/yVJFHQu7GfJX2Njws=
71,63,epp3u7sW6HgWJbqcktoyIUitYrw=,Scbg1XZ2d/yVJFHQu7GfJX2Njws=
77,61,epp3u7sW6HgWJbqcktoyIUitYrw=,Scbg1XZ2d/yVJFHQu7GfJX2Njws=
75,56,epp3u7sW6HgWJbqcktoyIUitYrw=,Scbg1XZ2d/yVJFHQu7GfJX2Njws=
73,56,epp3u7sW6HgWJbqcktoyIUitYrw=,Scbg1XZ2d/yVJFHQu7GfJX2Njws=
67,48,epp3u7sW6HgWJbqcktoyIUitYrw=,JJqFp+YcacP5DMm1HkAsipERyNg=
68,55,epp3u7sW6HgWJbqcktoyIUitYrw=,JJqFp+YcacP5DMm1HkAsipERyNg=
67,50,epp3u7sW6HgWJbqcktoyIUitYrw=,JJqFp+YcacP5DMm1HkAsipERyNg=
67,54,epp3u7sW6HgWJbqcktoyIUitYrw=,JJqFp+YcacP5DMm1HkAsipERyNg=
69,54,epp3u7sW6HgWJbqcktoyIUitYrw=,JJqFp+YcacP5DMm1HkAsipERyNg=
72,51,epp3u7sW6HgWJbqcktoyIUitYrw=,JJqFp+YcacP5DMm1HkAsipERyNg=
68,54,epp3u7sW6HgWJbqcktoyIUitYrw=,JJqFp+YcacP5DMm1HkAsipERyNg=
66,54,epp3u7sW6HgWJbqcktoyIUitYrw=,JJqFp+YcacP5DMm1HkAsipERyNg=
65,54,epp3u7sW6HgWJbqcktoyIUitYrw=,JJqFp+YcacP5DMm1HkAsipERyNg=
66,50,epp3u7sW6HgWJbqcktoyIUitYrw=,JJqFp+YcacP5DMm1HkAsipERyNg=
64,54,epp3u7sW6HgWJbqcktoyIUitYrw=,JJqFp+YcacP5DMm1HkAsipERyNg=
65,53,epp3u7sW6HgWJbqcktoyIUitYrw=,JJqFp+YcacP5DMm1HkAsipERyNg=
71,53,epp3u7sW6HgWJbqcktoyIUitYrw=,JJqFp+YcacP5DMm1HkAsipERyNg=
65,50,epp3u7sW6HgWJbqcktoyIUitYrw=,JJqFp+YcacP5DMm1HkAsipERyNg=
72,50,epp3u7sW6HgWJbqcktoyIUitYrw=,JJqFp+YcacP5DMm1HkAsipERyNg=
67,55,epp3u7sW6HgWJbqcktoyIUitYrw=,JJqFp+YcacP5DMm1HkAsipERyNg=
65,52,epp3u7sW6HgWJbqcktoyIUitYrw=,JJqFp+YcacP5DMm1HkAsipERyNg=
64,52,epp3u7sW6HgWJbqcktoyIUitYrw=,JJqFp+YcacP5DMm1HkAsipERyNg=
70,53,epp3u7sW6HgWJbqcktoyIUitYrw=,JJqFp+YcacP5DMm1HkAsipERyNg=
67,49,epp3u7sW6HgWJbqcktoyIUitYrw=,JJqFp+YcacP5DMm1HkAsipERyNg=
66,55,epp3u7sW6HgWJbqcktoyIUitYrw=,JJqFp+YcacP5DMm1HkAsipERyNg=
71,51,epp3u7sW6HgWJbqcktoyIUitYrw=,JJqFp+YcacP5DMm1HkAsipERyNg=
69,53,epp3u7sW6HgWJbqcktoyIUitYrw=,JJqFp+YcacP5DMm1HkAsipERyNg=
70,51,epp3u7sW6HgWJbqcktoyIUitYrw=,JJqFp+YcacP5DMm1HkAsipERyNg=
72,55,epp3u7sW6HgWJbqcktoyIUitYrw=,JJqFp+YcacP5DMm1HkAsipERyNg=
72,54,QYi1tSXDfCBHjzCqVHVGpMlHa2g=,JJqFp+YcacP5DMm1HkAsipERyNg=
64,50,QYi1tSXDfCBHjzCqVHVGpMlHa2g=,JJqFp+YcacP5DMm1HkAsipERyNg=
67,51,QYi1tSXDfCBHjzCqVHVGpMlHa2g=,JJqFp+YcacP5DMm1HkAsipERyNg=
72,49,QYi1tSXDfCBHjzCqVHVGpMlHa2g=,JJqFp+YcacP5DMm1HkAsipERyNg=
72,48,QYi1tSXDfCBHjzCqVHVGpMlHa2g=,JJqFp+YcacP5DMm1HkAsipERyNg=
65,55,QYi1tSXDfCBHjzCqVHVGpMlHa2g=,JJqFp+YcacP5DMm1HkAsipERyNg=
71,49,QYi1tSXDfCBHjzCqVHVGpMlHa2g=,JJqFp+YcacP5DMm1HkAsipERyNg=
70,49,QYi1tSXDfCBHjzCqVHVGpMlHa2g=,JJqFp+YcacP5DMm1HkAsipERyNg=
64,53,QYi1tSXDfCBHjzCqVHVGpMlHa2g=,JJqFp+YcacP5DMm1HkAsipERyNg=
71,52,QYi1tSXDfCBHjzCqVHVGpMlHa2g=,JJqFp+YcacP5DMm1HkAsipERyNg=
69,52,QYi1tSXDfCBHjzCqVHVGpMlHa2g=,JJqFp+YcacP5DMm1HkAsipERyNg=
70,52,QYi1tSXDfCBHjzCqVHVGpMlHa2g=,JJqFp+YcacP5DMm1HkAsipERyNg=
68,52,QYi1tSXDfCBHjzCqVHVGpMlHa2g=,JJqFp+YcacP5DMm1HkAsipERyNg=
67,52,QYi1tSXDfCBHjzCqVHVGpMlHa2g=,JJqFp+YcacP5DMm1HkAsipERyNg=
66,51,QYi1tSXDfCBHjzCqVHVGpMlHa2g=,JJqFp+YcacP5DMm1HkAsipERyNg=
64,48,QYi1tSXDfCBHjzCqVHVGpMlHa2g=,JJqFp+YcacP5DMm1HkAsipERyNg=
64,55,QYi1tSXDfCBHjzCqVHVGpMlHa2g=,JJqFp+YcacP5DMm1HkAsipERyNg=
72,53,QYi1tSXDfCBHjzCqVHVGpMlHa2g=,JJqFp+YcacP5DMm1HkAsipERyNg=
66,49,QYi1tSXDfCBHjzCqVHVGpMlHa2g=,JJqFp+YcacP5DMm1HkAsipERyNg=
65,51,QYi1tSXDfCBHjzCqVHVGpMlHa2g=,JJqFp+YcacP5DMm1HkAsipERyNg=
65,49,QYi1tSXDfCBHjzCqVHVGpMlHa2g=,JJqFp+YcacP5DMm1HkAsipERyNg=
64,49,QYi1tSXDfCBHjzCqVHVGpMlHa2g=,JJqFp+YcacP5DMm1HkAsipERyNg=
70,48,QYi1tSXDfCBHjzCqVHVGpMlHa2g=,JJqFp+YcacP5DMm1HkAsipERyNg=
71,48,QYi1tSXDfCBHjzCqVHVGpMlHa2g=,JJqFp+YcacP5DMm1HkAsipERyNg=
66,52,QYi1tSXDfCBHjzCqVHVGpMlHa2g=,JJqFp+YcacP5DMm1HkAsipERyNg=
68,48,QYi1tSXDfCBHjzCqVHVGpMlHa2g=,JJqFp+YcacP5DMm1HkAsipERyNg=
69,48,QYi1tSXDfCBHjzCqVHVGpMlHa2g=,JJqFp+YcacP5DMm1HkAsipERyNg=
64,51,QYi1tSXDfCBHjzCqVHVGpMlHa2g=,JJqFp+YcacP5DMm1HkAsipERyNg=
66,48,QYi1tSXDfCBHjzCqVHVGpMlHa2g=,JJqFp+YcacP5DMm1HkAsipERyNg=
69,51,QYi1tSXDfCBHjzCqVHVGpMlHa2g=,JJqFp+YcacP5DMm1HkAsipERyNg=
68,53,QYi1tSXDfCBHjzCqVHVGpMlHa2g=,JJqFp+YcacP5DMm1HkAsipERyNg=
67,53,QYi1tSXDfCBHjzCqVHVGpMlHa2g=,JJqFp+YcacP5DMm1HkAsipERyNg=
68,51,QYi1tSXDfCBHjzCqVHVGpMlHa2g=,JJqFp+YcacP5DMm1HkAsipERyNg=
69,49,QYi1tSXDfCBHjzCqVHVGpMlHa2g=,JJqFp+YcacP5DMm1HkAsipERyNg=
71,50,QYi1tSXDfCBHjzCqVHVGpMlHa2g=,JJqFp+YcacP5DMm1HkAsipERyNg=
71,56,QYi1tSXDfCBHjzCqVHVGpMlHa2g=,Scbg1XZ2d/yVJFHQu7GfJX2Njws=
70,56,QYi1tSXDfCBHjzCqVHVGpMlHa2g=,Scbg1XZ2d/yVJFHQu7GfJX2Njws=
71,54,QYi1tSXDfCBHjzCqVHVGpMlHa2g=,JJqFp+YcacP5DMm1HkAsipERyNg=
65,48,QYi1tSXDfCBHjzCqVHVGpMlHa2g=,JJqFp+YcacP5DMm1HkAsipERyNg=
66,53,QYi1tSXDfCBHjzCqVHVGpMlHa2g=,JJqFp+YcacP5DMm1HkAsipERyNg=
68,49,QYi1tSXDfCBHjzCqVHVGpMlHa2g=,JJqFp+YcacP5DMm1HkAsipERyNg=
72,56,QYi1tSXDfCBHjzCqVHVGpMlHa2g=,Scbg1XZ2d/yVJFHQu7GfJX2Njws=
69,50,QYi1tSXDfCBHjzCqVHVGpMlHa2g=,JJqFp+YcacP5DMm1HkAsipERyNg=
70,50,QYi1tSXDfCBHjzCqVHVGpMlHa2g=,JJqFp+YcacP5DMm1HkAsipERyNg=
69,56,QYi1tSXDfCBHjzCqVHVGpMlHa2g=,Scbg1XZ2d/yVJFHQu7GfJX2Njws=
66,56,QYi1tSXDfCBHjzCqVHVGpMlHa2g=,Scbg1XZ2d/yVJFHQu7GfJX2Njws=
67,56,QYi1tSXDfCBHjzCqVHVGpMlHa2g=,Scbg1XZ2d/yVJFHQu7GfJX2Njws=
72,52,QYi1tSXDfCBHjzCqVHVGpMlHa2g=,JJqFp+YcacP5DMm1HkAsipERyNg=
68,56,QYi1tSXDfCBHjzCqVHVGpMlHa2g=,Scbg1XZ2d/yVJFHQu7GfJX2Njws=
65,56,QYi1tSXDfCBHjzCqVHVGpMlHa2g=,Scbg1XZ2d/yVJFHQu7GfJX2Njws=
64,56,QYi1tSXDfCBHjzCqVHVGpMlHa2g=,Scbg1XZ2d/yVJFHQu7GfJX2Njws=
71,55,QYi1tSXDfCBHjzCqVHVGpMlHa2g=,JJqFp+YcacP5DMm1HkAsipERyNg=
68,50,QYi1tSXDfCBHjzCqVHVGpMlHa2g=,JJqFp+YcacP5DMm1HkAsipERyNg=
70,55,QYi1tSXDfCBHjzCqVHVGpMlHa2g=,JJqFp+YcacP5DMm1HkAsipERyNg=
69,55,QYi1tSXDfCBHjzCqVHVGpMlHa2g=,JJqFp+YcacP5DMm1HkAsipERyNg=
70,54,QYi1tSXDfCBHjzCqVHVGpMlHa2g=,JJqFp+YcacP5DMm1HkAsipERyNg=
91,51,1cXbnrFJ5qpntwXGSmQgjxs4hkU=,Scbg1XZ2d/yVJFHQu7GfJX2Njws=
92,51,1cXbnrFJ5qpntwXGSmQgjxs4hkU=,Scbg1XZ2d/yVJFHQu7GfJX2Njws=
94,51,1cXbnrFJ5qpntwXGSmQgjxs4hkU=,Scbg1XZ2d/yVJFHQu7GfJX2Njws=
93,51,1cXbnrFJ5qpntwXGSmQgjxs4hkU=,Scbg1XZ2d/yVJFHQu7GfJX2Njws=
90,51,1cXbnrFJ5qpntwXGSmQgjxs4hkU=,Scbg1XZ2d/yVJFHQu7GfJX2Njws=
89,51,1cXbnrFJ5qpntwXGSmQgjxs4hkU=,Scbg1XZ2d/yVJFHQu7GfJX2Njws=
93,54,1cXbnrFJ5qpntwXGSmQgjxs4hkU=,Scbg1XZ2d/yVJFHQu7GfJX2Njws=
92,54,1cXbnrFJ5qpntwXGSmQgjxs4hkU=,Scbg1XZ2d/yVJFHQu7GfJX2Njws=
94,54,1cXbnrFJ5qpntwXGSmQgjxs4hkU=,Scbg1XZ2d/yVJFHQu7GfJX2Njws=
94,50,1cXbnrFJ5qpntwXGSmQgjxs4hkU=,Scbg1XZ2d/yVJFHQu7GfJX2Njws=
89,52,1cXbnrFJ5qpntwXGSmQgjxs4hkU=,Scbg1XZ2d/yVJFHQu7GfJX2Njws=
90,52,1cXbnrFJ5qpntwXGSmQgjxs4hkU=,Scbg1XZ2d/yVJFHQu7GfJX2Njws=
90,49,1cXbnrFJ5qpntwXGSmQgjxs4hkU=,Scbg1XZ2d/yVJFHQu7GfJX2Njws=
91,49,1cXbnrFJ5qpntwXGSmQgjxs4hkU=,Scbg1XZ2d/yVJFHQu7GfJX2Njws=
89,49,1cXbnrFJ5qpntwXGSmQgjxs4hkU=,Scbg1XZ2d/yVJFHQu7GfJX2Njws=
91,54,1cXbnrFJ5qpntwXGSmQgjxs4hkU=,Scbg1XZ2d/yVJFHQu7GfJX2Njws=
93,50,1cXbnrFJ5qpntwXGSmQgjxs4hkU=,Scbg1XZ2d/yVJFHQu7GfJX2Njws=
91,52,1cXbnrFJ5qpntwXGSmQgjxs4hkU=,Scbg1XZ2d/yVJFHQu7GfJX2Njws=
92,52,1cXbnrFJ5qpntwXGSmQgjxs4hkU=,Scbg1XZ2d/yVJFHQu7GfJX2Njws=
93,52,1cXbnrFJ5qpntwXGSmQgjxs4hkU=,Scbg1XZ2d/yVJFHQu7GfJX2Njws=
94,52,1cXbnrFJ5qpntwXGSmQgjxs4hkU=,Scbg1XZ2d/yVJFHQu7GfJX2Njws=
92,49,1cXbnrFJ5qpntwXGSmQgjxs4hkU=,Scbg1XZ2d/yVJFHQu7GfJX2Njws=
93,49,1cXbnrFJ5qpntwXGSmQgjxs4hkU=,Scbg1XZ2d/yVJFHQu7GfJX2Njws=
90,54,1cXbnrFJ5qpntwXGSmQgjxs4hkU=,Scbg1XZ2d/yVJFHQu7GfJX2Njws=
89,53,1cXbnrFJ5qpntwXGSmQgjxs4hkU=,Scbg1XZ2d/yVJFHQu7GfJX2Njws=
94,49,1cXbnrFJ5qpntwXGSmQgjxs4hkU=,Scbg1XZ2d/yVJFHQu7GfJX2Njws=
90,53,1cXbnrFJ5qpntwXGSmQgjxs4hkU=,Scbg1XZ2d/yVJFHQu7GfJX2Njws=
91,53,1cXbnrFJ5qpntwXGSmQgjxs4hkU=,Scbg1XZ2d/yVJFHQu7GfJX2Njws=
94,53,1cXbnrFJ5qpntwXGSmQgjxs4hkU=,Scbg1XZ2d/yVJFHQu7GfJX2Njws=
92,53,1cXbnrFJ5qpntwXGSmQgjxs4hkU=,Scbg1XZ2d/yVJFHQu7GfJX2Njws=
89,50,1cXbnrFJ5qpntwXGSmQgjxs4hkU=,Scbg1XZ2d/yVJFHQu7GfJX2Njws=
93,53,1cXbnrFJ5qpntwXGSmQgjxs4hkU=,Scbg1XZ2d/yVJFHQu7GfJX2Njws=
90,50,1cXbnrFJ5qpntwXGSmQgjxs4hkU=,Scbg1XZ2d/yVJFHQu7GfJX2Njws=
92,50,1cXbnrFJ5qpntwXGSmQgjxs4hkU=,Scbg1XZ2d/yVJFHQu7GfJX2Njws=
91,50,1cXbnrFJ5qpntwXGSmQgjxs4hkU=,Scbg1XZ2d/yVJFHQu7GfJX2Njws=
89,54,1cXbnrFJ5qpntwXGSmQgjxs4hkU=,Scbg1XZ2d/yVJFHQu7GfJX2Njws=
95,51,1cXbnrFJ5qpntwXGSmQgjxs4hkU=,Scbg1XZ2d/yVJFHQu7GfJX2Njws=
95,54,1cXbnrFJ5qpntwXGSmQgjxs4hkU=,Scbg1XZ2d/yVJFHQu7GfJX2Njws=
95,50,1cXbnrFJ5qpntwXGSmQgjxs4hkU=,Scbg1XZ2d/yVJFHQu7GfJX2Njws=
95,52,1cXbnrFJ5qpntwXGSmQgjxs4hkU=,Scbg1XZ2d/yVJFHQu7GfJX2Njws=
95,53,1cXbnrFJ5qpntwXGSmQgjxs4hkU=,Scbg1XZ2d/yVJFHQu7GfJX2Njws=
95,49,1cXbnrFJ5qpntwXGSmQgjxs4hkU=,Scbg1XZ2d/yVJFHQu7GfJX2Njws=
94,48,1cXbnrFJ5qpntwXGSmQgjxs4hkU=,Scbg1XZ2d/yVJFHQu7GfJX2Njws=
93,48,1cXbnrFJ5qpntwXGSmQgjxs4hkU=,Scbg1XZ2d/yVJFHQu7GfJX2Njws=
92,48,1cXbnrFJ5qpntwXGSmQgjxs4hkU=,Scbg1XZ2d/yVJFHQu7GfJX2Njws=
91,48,1cXbnrFJ5qpntwXGSmQgjxs4hkU=,Scbg1XZ2d/yVJFHQu7GfJX2Njws=
90,48,1cXbnrFJ5qpntwXGSmQgjxs4hkU=,Scbg1XZ2d/yVJFHQu7GfJX2Njws=
89,48,1cXbnrFJ5qpntwXGSmQgjxs4hkU=,Scbg1XZ2d/yVJFHQu7GfJX2Njws=
95,48,1cXbnrFJ5qpntwXGSmQgjxs4hkU=,Scbg1XZ2d/yVJFHQu7GfJX2Njws=
95,63,MQ13ewa6rgaEK3jNNdOBYa6eeRE=,Scbg1XZ2d/yVJFHQu7GfJX2Njws=
95,55,MQ13ewa6rgaEK3jNNdOBYa6eeRE=,Scbg1XZ2d/yVJFHQu7GfJX2Njws=
94,55,MQ13ewa6rgaEK3jNNdOBYa6eeRE=,Scbg1XZ2d/yVJFHQu7GfJX2Njws=
93,55,MQ13ewa6rgaEK3jNNdOBYa6eeRE=,Scbg1XZ2d/yVJFHQu7GfJX2Njws=
94,58,MQ13ewa6rgaEK3jNNdOBYa6eeRE=,Scbg1XZ2d/yVJFHQu7GfJX2Njws=
92,55,MQ13ewa6rgaEK3jNNdOBYa6eeRE=,Scbg1XZ2d/yVJFHQu7GfJX2Njws=
93,58,MQ13ewa6rgaEK3jNNdOBYa6eeRE=,Scbg1XZ2d/yVJFHQu7GfJX2Njws=
94,63,MQ13ewa6rgaEK3jNNdOBYa6eeRE=,Scbg1XZ2d/yVJFHQu7GfJX2Njws=
93,63,MQ13ewa6rgaEK3jNNdOBYa6eeRE=,Scbg1XZ2d/yVJFHQu7GfJX2Njws=
95,58,MQ13ewa6rgaEK3jNNdOBYa6eeRE=,Scbg1XZ2d/yVJFHQu7GfJX2Njws=
91,55,MQ13ewa6rgaEK3jNNdOBYa6eeRE=,Scbg1XZ2d/yVJFHQu7GfJX2Njws=
91,58,MQ13ewa6rgaEK3jNNdOBYa6eeRE=,Scbg1XZ2d/yVJFHQu7GfJX2Njws=
89,59,MQ13ewa6rgaEK3jNNdOBYa6eeRE=,Scbg1XZ2d/yVJFHQu7GfJX2Njws=
90,59,MQ13ewa6rgaEK3jNNdOBYa6eeRE=,Scbg1XZ2d/yVJFHQu7GfJX2Njws=
91,59,MQ13ewa6rgaEK3jNNdOBYa6eeRE=,Scbg1XZ2d/yVJFHQu7GfJX2Njws=
92,59,MQ13ewa6rgaEK3jNNdOBYa6eeRE=,Scbg1XZ2d/yVJFHQu7GfJX2Njws=
93,59,MQ13ewa6rgaEK3jNNdOBYa6eeRE=,Scbg1XZ2d/yVJFHQu7GfJX2Njws=
94,59,MQ13ewa6rgaEK3jNNdOBYa6eeRE=,Scbg1XZ2d/yVJFHQu7GfJX2Njws=
92,58,MQ13ewa6rgaEK3jNNdOBYa6eeRE=,Scbg1XZ2d/yVJFHQu7GfJX2Njws=
95,59,MQ13ewa6rgaEK3jNNdOBYa6eeRE=,Scbg1XZ2d/yVJFHQu7GfJX2Njws=
90,55,MQ13ewa6rgaEK3jNNdOBYa6eeRE=,Scbg1XZ2d/yVJFHQu7GfJX2Njws=
90,58,MQ13ewa6rgaEK3jNNdOBYa6eeRE=,Scbg1XZ2d/yVJFHQu7GfJX2Njws=
89,60,MQ13ewa6rgaEK3jNNdOBYa6eeRE=,Scbg1XZ2d/yVJFHQu7GfJX2Njws=
89,58,MQ13ewa6rgaEK3jNNdOBYa6eeRE=,Scbg1XZ2d/yVJFHQu7GfJX2Njws=
92,63,MQ13ewa6rgaEK3jNNdOBYa6eeRE=,Scbg1XZ2d/yVJFHQu7GfJX2Njws=
91,63,MQ13ewa6rgaEK3jNNdOBYa6eeRE=,Scbg1XZ2d/yVJFHQu7GfJX2Njws=
89,55,MQ13ewa6rgaEK3jNNdOBYa6eeRE=,Scbg1XZ2d/yVJFHQu7GfJX2Njws=
90,60,MQ13ewa6rgaEK3jNNdOBYa6eeRE=,Scbg1XZ2d/yVJFHQu7GfJX2Njws=
91,60,MQ13ewa6rgaEK3jNNdOBYa6eeRE=,Scbg1XZ2d/yVJFHQu7GfJX2Njws=
92,60,MQ13ewa6rgaEK3jNNdOBYa6eeRE=,Scbg1XZ2d/yVJFHQu7GfJX2Njws=
93,60,MQ13ewa6rgaEK3jNNdOBYa6eeRE=,Scbg1XZ2d/yVJFHQu7GfJX2Njws=
94,60,MQ13ewa6rgaEK3jNNdOBYa6eeRE=,Scbg1XZ2d/yVJFHQu7GfJX2Njws=
95,60,MQ13ewa6rgaEK3jNNdOBYa6eeRE=,Scbg1XZ2d/yVJFHQu7GfJX2Njws=
94,57,MQ13ewa6rgaEK3jNNdOBYa6eeRE=,Scbg1XZ2d/yVJFHQu7GfJX2Njws=
95,57,MQ13ewa6rgaEK3jNNdOBYa6eeRE=,Scbg1XZ2d/yVJFHQu7GfJX2Njws=
90,63,MQ13ewa6rgaEK3jNNdOBYa6eeRE=,Scbg1XZ2d/yVJFHQu7GfJX2Njws=
89,61,MQ13ewa6rgaEK3jNNdOBYa6eeRE=,Scbg1XZ2d/yVJFHQu7GfJX2Njws=
93,57,MQ13ewa6rgaEK3jNNdOBYa6eeRE=,Scbg1XZ2d/yVJFHQu7GfJX2Njws=
89,63,MQ13ewa6rgaEK3jNNdOBYa6eeRE=,Scbg1XZ2d/yVJFHQu7GfJX2Njws=
90,57,MQ13ewa6rgaEK3jNNdOBYa6eeRE=,Scbg1XZ2d/yVJFHQu7GfJX2Njws=
90,61,MQ13ewa6rgaEK3jNNdOBYa6eeRE=,Scbg1XZ2d/yVJFHQu7GfJX2Njws=
91,57,MQ13ewa6rgaEK3jNNdOBYa6eeRE=,Scbg1XZ2d/yVJFHQu7GfJX2Njws=
91,61,MQ13ewa6rgaEK3jNNdOBYa6eeRE=,Scbg1XZ2d/yVJFHQu7GfJX2Njws=
92,61,MQ13ewa6rgaEK3jNNdOBYa6eeRE=,Scbg1XZ2d/yVJFHQu7GfJX2Njws=
93,61,MQ13ewa6rgaEK3jNNdOBYa6eeRE=,Scbg1XZ2d/yVJFHQu7GfJX2Njws=
94,61,MQ13ewa6rgaEK3jNNdOBYa6eeRE=,Scbg1XZ2d/yVJFHQu7GfJX2Njws=
95,61,MQ13ewa6rgaEK3jNNdOBYa6eeRE=,Scbg1XZ2d/yVJFHQu7GfJX2Njws=
95,56,MQ13ewa6rgaEK3jNNdOBYa6eeRE=,Scbg1XZ2d/yVJFHQu7GfJX2Njws=
89,57,MQ13ewa6rgaEK3jNNdOBYa6eeRE=,Scbg1XZ2d/yVJFHQu7GfJX2Njws=
89,62,MQ13ewa6rgaEK3jNNdOBYa6eeRE=,Scbg1XZ2d/yVJFHQu7GfJX2Njws=
94,56,MQ13ewa6rgaEK3jNNdOBYa6eeRE=,Scbg1XZ2d/yVJFHQu7GfJX2Njws=
93,56,MQ13ewa6rgaEK3jNNdOBYa6eeRE=,Scbg1XZ2d/yVJFHQu7GfJX2Njws=
90,62,MQ13ewa6rgaEK3jNNdOBYa6eeRE=,Scbg1XZ2d/yVJFHQu7GfJX2Njws=
91,62,MQ13ewa6rgaEK3jNNdOBYa6eeRE=,Scbg1XZ2d/yVJFHQu7GfJX2Njws=
92,62,MQ13ewa6rgaEK3jNNdOBYa6eeRE=,Scbg1XZ2d/yVJFHQu7GfJX2Njws=
93,62,MQ13ewa6rgaEK3jNNdOBYa6eeRE=,Scbg1XZ2d/yVJFHQu7GfJX2Njws=
94,62,MQ13ewa6rgaEK3jNNdOBYa6eeRE=,Scbg1XZ2d/yVJFHQu7GfJX2Njws=
92,56,MQ13ewa6rgaEK3jNNdOBYa6eeRE=,Scbg1XZ2d/yVJFHQu7GfJX2Njws=
95,62,MQ13ewa6rgaEK3jNNdOBYa6eeRE=,Scbg1XZ2d/yVJFHQu7GfJX2Njws=
91,56,MQ13ewa6rgaEK3jNNdOBYa6eeRE=,Scbg1XZ2d/yVJFHQu7GfJX2Njws=
89,56,MQ13ewa6rgaEK3jNNdOBYa6eeRE=,Scbg1XZ2d/yVJFHQu7GfJX2Njws=
90,56,MQ13ewa6rgaEK3jNNdOBYa6eeRE=,Scbg1XZ2d/yVJFHQu7GfJX2Njws=
92,57,MQ13ewa6rgaEK3jNNdOBYa6eeRE=,Scbg1XZ2d/yVJFHQu7GfJX2Njws=
88,59,PcBvqBFAmaEjQrVJg5X+4zfq1jA=,Scbg1XZ2d/yVJFHQu7GfJX2Njws=
83,59,PcBvqBFAmaEjQrVJg5X+4zfq1jA=,Scbg1XZ2d/yVJFHQu7GfJX2Njws=
87,63,PcBvqBFAmaEjQrVJg5X+4zfq1jA=,Scbg1XZ2d/yVJFHQu7GfJX2Njws=
84,63,PcBvqBFAmaEjQrVJg5X+4zfq1jA=,Scbg1XZ2d/yVJFHQu7GfJX2Njws=
83,63,PcBvqBFAmaEjQrVJg5X+4zfq1jA=,Scbg1XZ2d/yVJFHQu7GfJX2Njws=
82,63,PcBvqBFAmaEjQrVJg5X+4zfq1jA=,Scbg1XZ2d/yVJFHQu7GfJX2Njws=
85,63,PcBvqBFAmaEjQrVJg5X+4zfq1jA=,Scbg1XZ2d/yVJFHQu7GfJX2Njws=
86,63,PcBvqBFAmaEjQrVJg5X+4zfq1jA=,Scbg1XZ2d/yVJFHQu7GfJX2Njws=
81,63,PcBvqBFAmaEjQrVJg5X+4zfq1jA=,Scbg1XZ2d/yVJFHQu7GfJX2Njws=
82,59,PcBvqBFAmaEjQrVJg5X+4zfq1jA=,Scbg1XZ2d/yVJFHQu7GfJX2Njws=
80,63,PcBvqBFAmaEjQrVJg5X+4zfq1jA=,Scbg1XZ2d/yVJFHQu7GfJX2Njws=
88,58,PcBvqBFAmaEjQrVJg5X+4zfq1jA=,Scbg1XZ2d/yVJFHQu7GfJX2Njws=
81,59,PcBvqBFAmaEjQrVJg5X+4zfq1jA=,Scbg1XZ2d/yVJFHQu7GfJX2Njws=
86,62,PcBvqBFAmaEjQrVJg5X+4zfq1jA=,Scbg1XZ2d/yVJFHQu7GfJX2Njws=
87,62,PcBvqBFAmaEjQrVJg5X+4zfq1jA=,Scbg1XZ2d/yVJFHQu7GfJX2Njws=
83,62,PcBvqBFAmaEjQrVJg5X+4zfq1jA=,Scbg1XZ2d/yVJFHQu7GfJX2Njws=
82,62,PcBvqBFAmaEjQrVJg5X+4zfq1jA=,Scbg1XZ2d/yVJFHQu7GfJX2Njws=
84,62,PcBvqBFAmaEjQrVJg5X+4zfq1jA=,Scbg1XZ2d/yVJFHQu7GfJX2Njws=
85,62,PcBvqBFAmaEjQrVJg5X+4zfq1jA=,Scbg1XZ2d/yVJFHQu7GfJX2Njws=
80,59,PcBvqBFAmaEjQrVJg5X+4zfq1jA=,Scbg1XZ2d/yVJFHQu7GfJX2Njws=
87,58,PcBvqBFAmaEjQrVJg5X+4zfq1jA=,Scbg1XZ2d/yVJFHQu7GfJX2Njws=
88,57,PcBvqBFAmaEjQrVJg5X+4zfq1jA=,Scbg1XZ2d/yVJFHQu7GfJX2Njws=
86,58,PcBvqBFAmaEjQrVJg5X+4zfq1jA=,Scbg1XZ2d/yVJFHQu7GfJX2Njws=
81,62,PcBvqBFAmaEjQrVJg5X+4zfq1jA=,Scbg1XZ2d/yVJFHQu7GfJX2Njws=
80,62,PcBvqBFAmaEjQrVJg5X+4zfq1jA=,Scbg1XZ2d/yVJFHQu7GfJX2Njws=
85,58,PcBvqBFAmaEjQrVJg5X+4zfq1jA=,Scbg1XZ2d/yVJFHQu7GfJX2Njws=
84,58,PcBvqBFAmaEjQrVJg5X+4zfq1jA=,Scbg1XZ2d/yVJFHQu7GfJX2Njws=
83,58,PcBvqBFAmaEjQrVJg5X+4zfq1jA=,Scbg1XZ2d/yVJFHQu7GfJX2Njws=
87,61,PcBvqBFAmaEjQrVJg5X+4zfq1jA=,Scbg1XZ2d/yVJFHQu7GfJX2Njws=
82,58,PcBvqBFAmaEjQrVJg5X+4zfq1jA=,Scbg1XZ2d/yVJFHQu7GfJX2Njws=
88,63,PcBvqBFAmaEjQrVJg5X+4zfq1jA=,Scbg1XZ2d/yVJFHQu7GfJX2Njws=
81,58,PcBvqBFAmaEjQrVJg5X+4zfq1jA=,Scbg1XZ2d/yVJFHQu7GfJX2Njws=
87,57,PcBvqBFAmaEjQrVJg5X+4zfq1jA=,Scbg1XZ2d/yVJFHQu7GfJX2Njws=
80,58,PcBvqBFAmaEjQrVJg5X+4zfq1jA=,Scbg1XZ2d/yVJFHQu7GfJX2Njws=
86,57,PcBvqBFAmaEjQrVJg5X+4zfq1jA=,Scbg1XZ2d/yVJFHQu7GfJX2Njws=
85,57,PcBvqBFAmaEjQrVJg5X+4zfq1jA=,Scbg1XZ2d/yVJFHQu7GfJX2Njws=
86,61,PcBvqBFAmaEjQrVJg5X+4zfq1jA=,Scbg1XZ2d/yVJFHQu7GfJX2Njws=
85,61,PcBvqBFAmaEjQrVJg5X+4zfq1jA=,Scbg1XZ2d/yVJFHQu7GfJX2Njws=
88,62,PcBvqBFAmaEjQrVJg5X+4zfq1jA=,Scbg1XZ2d/yVJFHQu7GfJX2Njws=
84,57,PcBvqBFAmaEjQrVJg5X+4zfq1jA=,Scbg1XZ2d/yVJFHQu7GfJX2Njws=
83,57,PcBvqBFAmaEjQrVJg5X+4zfq1jA=,Scbg1XZ2d/yVJFHQu7GfJX2Njws=
82,57,PcBvqBFAmaEjQrVJg5X+4zfq1jA=,Scbg1XZ2d/yVJFHQu7GfJX2Njws=
83,61,PcBvqBFAmaEjQrVJg5X+4zfq1jA=,Scbg1XZ2d/yVJFHQu7GfJX2Njws=
82,61,PcBvqBFAmaEjQrVJg5X+4zfq1jA=,Scbg1XZ2d/yVJFHQu7GfJX2Njws=
81,61,PcBvqBFAmaEjQrVJg5X+4zfq1jA=,Scbg1XZ2d/yVJFHQu7GfJX2Njws=
80,61,PcBvqBFAmaEjQrVJg5X+4zfq1jA=,Scbg1XZ2d/yVJFHQu7GfJX2Njws=
80,57,PcBvqBFAmaEjQrVJg5X+4zfq1jA=,Scbg1XZ2d/yVJFHQu7GfJX2Njws=
88,61,PcBvqBFAmaEjQrVJg5X+4zfq1jA=,Scbg1XZ2d/yVJFHQu7GfJX2Njws=
87,60,PcBvqBFAmaEjQrVJg5X+4zfq1jA=,Scbg1XZ2d/yVJFHQu7GfJX2Njws=
85,60,PcBvqBFAmaEjQrVJg5X+4zfq1jA=,Scbg1XZ2d/yVJFHQu7GfJX2Njws=
86,60,PcBvqBFAmaEjQrVJg5X+4zfq1jA=,Scbg1XZ2d/yVJFHQu7GfJX2Njws=
84,60,PcBvqBFAmaEjQrVJg5X+4zfq1jA=,Scbg1XZ2d/yVJFHQu7GfJX2Njws=
83,60,PcBvqBFAmaEjQrVJg5X+4zfq1jA=,Scbg1XZ2d/yVJFHQu7GfJX2Njws=
80,60,PcBvqBFAmaEjQrVJg5X+4zfq1jA=,Scbg1XZ2d/yVJFHQu7GfJX2Njws=
82,60,PcBvqBFAmaEjQrVJg5X+4zfq1jA=,Scbg1XZ2d/yVJFHQu7GfJX2Njws=
81,60,PcBvqBFAmaEjQrVJg5X+4zfq1jA=,Scbg1XZ2d/yVJFHQu7GfJX2Njws=
88,60,PcBvqBFAmaEjQrVJg5X+4zfq1jA=,Scbg1XZ2d/yVJFHQu7GfJX2Njws=
87,59,PcBvqBFAmaEjQrVJg5X+4zfq1jA=,Scbg1XZ2d/yVJFHQu7GfJX2Njws=
86,59,PcBvqBFAmaEjQrVJg5X+4zfq1jA=,Scbg1XZ2d/yVJFHQu7GfJX2Njws=
85,59,PcBvqBFAmaEjQrVJg5X+4zfq1jA=,Scbg1XZ2d/yVJFHQu7GfJX2Njws=
84,61,PcBvqBFAmaEjQrVJg5X+4zfq1jA=,Scbg1XZ2d/yVJFHQu7GfJX2Njws=
81,57,PcBvqBFAmaEjQrVJg5X+4zfq1jA=,Scbg1XZ2d/yVJFHQu7GfJX2Njws=
84,59,PcBvqBFAmaEjQrVJg5X+4zfq1jA=,Scbg1XZ2d/yVJFHQu7GfJX2Njws=
87,49,5/+qlKqf1TDV967ZTyO+l+JV4fs=,JJqFp+YcacP5DMm1HkAsipERyNg=
86,49,5/+qlKqf1TDV967ZTyO+l+JV4fs=,JJqFp+YcacP5DMm1HkAsipERyNg=
84,53,5/+qlKqf1TDV967ZTyO+l+JV4fs=,JJqFp+YcacP5DMm1HkAsipERyNg=
83,48,5/+qlKqf1TDV967ZTyO+l+JV4fs=,JJqFp+YcacP5DMm1HkAsipERyNg=
80,50,5/+qlKqf1TDV967ZTyO+l+JV4fs=,JJqFp+YcacP5DMm1HkAsipERyNg=
85,52,5/+qlKqf1TDV967ZTyO+l+JV4fs=,JJqFp+YcacP5DMm1HkAsipERyNg=
88,55,5/+qlKqf1TDV967ZTyO+l+JV4fs=,Scbg1XZ2d/yVJFHQu7GfJX2Njws=
83,53,5/+qlKqf1TDV967ZTyO+l+JV4fs=,JJqFp+YcacP5DMm1HkAsipERyNg=
85,53,5/+qlKqf1TDV967ZTyO+l+JV4fs=,JJqFp+YcacP5DMm1HkAsipERyNg=
87,51,5/+qlKqf1TDV967ZTyO+l+JV4fs=,JJqFp+YcacP5DMm1HkAsipERyNg=
88,51,5/+qlKqf1TDV967ZTyO+l+JV4fs=,Scbg1XZ2d/yVJFHQu7GfJX2Njws=
86,53,5/+qlKqf1TDV967ZTyO+l+JV4fs=,JJqFp+YcacP5DMm1HkAsipERyNg=
85,49,5/+qlKqf1TDV967ZTyO+l+JV4fs=,JJqFp+YcacP5DMm1HkAsipERyNg=
88,54,5/+qlKqf1TDV967ZTyO+l+JV4fs=,Scbg1XZ2d/yVJFHQu7GfJX2Njws=
84,49,5/+qlKqf1TDV967ZTyO+l+JV4fs=,JJqFp+YcacP5DMm1HkAsipERyNg=
83,49,5/+qlKqf1TDV967ZTyO+l+JV4fs=,JJqFp+YcacP5DMm1HkAsipERyNg=
87,53,5/+qlKqf1TDV967ZTyO+l+JV4fs=,JJqFp+YcacP5DMm1HkAsipERyNg=
82,49,5/+qlKqf1TDV967ZTyO+l+JV4fs=,JJqFp+YcacP5DMm1HkAsipERyNg=
82,48,5/+qlKqf1TDV967ZTyO+l+JV4fs=,JJqFp+YcacP5DMm1HkAsipERyNg=
86,52,5/+qlKqf1TDV967ZTyO+l+JV4fs=,JJqFp+YcacP5DMm1HkAsipERyNg=
82,53,5/+qlKqf1TDV967ZTyO+l+JV4fs=,JJqFp+YcacP5DMm1HkAsipERyNg=
84,52,5/+qlKqf1TDV967ZTyO+l+JV4fs=,JJqFp+YcacP5DMm1HkAsipERyNg=
80,54,5/+qlKqf1TDV967ZTyO+l+JV4fs=,JJqFp+YcacP5DMm1HkAsipERyNg=
80,52,5/+qlKqf1TDV967ZTyO+l+JV4fs=,JJqFp+YcacP5DMm1HkAsipERyNg=
80,51,5/+qlKqf1TDV967ZTyO+l+JV4fs=,JJqFp+YcacP5DMm1HkAsipERyNg=
86,51,5/+qlKqf1TDV967ZTyO+l+JV4fs=,JJqFp+YcacP5DMm1HkAsipERyNg=
85,51,5/+qlKqf1TDV967ZTyO+l+JV4fs=,JJqFp+YcacP5DMm1HkAsipERyNg=
81,50,5/+qlKqf1TDV967ZTyO+l+JV4fs=,JJqFp+YcacP5DMm1HkAsipERyNg=
81,54,5/+qlKqf1TDV967ZTyO+l+JV4fs=,JJqFp+YcacP5DMm1HkAsipERyNg=
88,50,5/+qlKqf1TDV967ZTyO+l+JV4fs=,Scbg1XZ2d/yVJFHQu7GfJX2Njws=
83,52,5/+qlKqf1TDV967ZTyO+l+JV4fs=,JJqFp+YcacP5DMm1HkAsipERyNg=
82,54,5/+qlKqf1TDV967ZTyO+l+JV4fs=,JJqFp+YcacP5DMm1HkAsipERyNg=
81,53,5/+qlKqf1TDV967ZTyO+l+JV4fs=,JJqFp+YcacP5DMm1HkAsipERyNg=
88,56,5/+qlKqf1TDV967ZTyO+l+JV4fs=,Scbg1XZ2d/yVJFHQu7GfJX2Njws=
83,54,5/+qlKqf1TDV967ZTyO+l+JV4fs=,JJqFp+YcacP5DMm1HkAsipERyNg=
84,51,5/+qlKqf1TDV967ZTyO+l+JV4fs=,JJqFp+YcacP5DMm1HkAsipERyNg=
87,50,5/+qlKqf1TDV967ZTyO+l+JV4fs=,JJqFp+YcacP5DMm1HkAsipERyNg=
88,52,5/+qlKqf1TDV967ZTyO+l+JV4fs=,Scbg1XZ2d/yVJFHQu7GfJX2Njws=
81,51,5/+qlKqf1TDV967ZTyO+l+JV4fs=,JJqFp+YcacP5DMm1HkAsipERyNg=
80,49,5/+qlKqf1TDV967ZTyO+l+JV4fs=,JJqFp+YcacP5DMm1HkAsipERyNg=
81,49,5/+qlKqf1TDV967ZTyO+l+JV4fs=,JJqFp+YcacP5DMm1HkAsipERyNg=
85,50,5/+qlKqf1TDV967ZTyO+l+JV4fs=,JJqFp+YcacP5DMm1HkAsipERyNg=
84,54,5/+qlKqf1TDV967ZTyO+l+JV4fs=,JJqFp+YcacP5DMm1HkAsipERyNg=
81,48,5/+qlKqf1TDV967ZTyO+l+JV4fs=,JJqFp+YcacP5DMm1HkAsipERyNg=
87,48,5/+qlKqf1TDV967ZTyO+l+JV4fs=,JJqFp+YcacP5DMm1HkAsipERyNg=
88,53,5/+qlKqf1TDV967ZTyO+l+JV4fs=,Scbg1XZ2d/yVJFHQu7GfJX2Njws=
80,48,5/+qlKqf1TDV967ZTyO+l+JV4fs=,JJqFp+YcacP5DMm1HkAsipERyNg=
86,48,5/+qlKqf1TDV967ZTyO+l+JV4fs=,JJqFp+YcacP5DMm1HkAsipERyNg=
85,48,5/+qlKqf1TDV967ZTyO+l+JV4fs=,JJqFp+YcacP5DMm1HkAsipERyNg=
84,48,5/+qlKqf1TDV967ZTyO+l+JV4fs=,JJqFp+YcacP5DMm1HkAsipERyNg=
85,54,5/+qlKqf1TDV967ZTyO+l+JV4fs=,JJqFp+YcacP5DMm1HkAsipERyNg=
87,56,5/+qlKqf1TDV967ZTyO+l+JV4fs=,Scbg1XZ2d/yVJFHQu7GfJX2Njws=
86,56,5/+qlKqf1TDV967ZTyO+l+JV4fs=,Scbg1XZ2d/yVJFHQu7GfJX2Njws=
84,50,5/+qlKqf1TDV967ZTyO+l+JV4fs=,JJqFp+YcacP5DMm1HkAsipERyNg=
86,54,5/+qlKqf1TDV967ZTyO+l+JV4fs=,JJqFp+YcacP5DMm1HkAsipERyNg=
85,56,5/+qlKqf1TDV967ZTyO+l+JV4fs=,Scbg1XZ2d/yVJFHQu7GfJX2Njws=
84,56,5/+qlKqf1TDV967ZTyO+l+JV4fs=,Scbg1XZ2d/yVJFHQu7GfJX2Njws=
83,56,5/+qlKqf1TDV967ZTyO+l+JV4fs=,Scbg1XZ2d/yVJFHQu7GfJX2Njws=
87,54,5/+qlKqf1TDV967ZTyO+l+JV4fs=,JJqFp+YcacP5DMm1HkAsipERyNg=
82,56,5/+qlKqf1TDV967ZTyO+l+JV4fs=,Scbg1XZ2d/yVJFHQu7GfJX2Njws=
81,56,5/+qlKqf1TDV967ZTyO+l+JV4fs=,Scbg1XZ2d/yVJFHQu7GfJX2Njws=
83,50,5/+qlKqf1TDV967ZTyO+l+JV4fs=,JJqFp+YcacP5DMm1HkAsipERyNg=
80,55,5/+qlKqf1TDV967ZTyO+l+JV4fs=,JJqFp+YcacP5DMm1HkAsipERyNg=
83,51,5/+qlKqf1TDV967ZTyO+l+JV4fs=,JJqFp+YcacP5DMm1HkAsipERyNg=
80,56,5/+qlKqf1TDV967ZTyO+l+JV4fs=,Scbg1XZ2d/yVJFHQu7GfJX2Njws=
80,53,5/+qlKqf1TDV967ZTyO+l+JV4fs=,JJqFp+YcacP5DMm1HkAsipERyNg=
87,55,5/+qlKqf1TDV967ZTyO+l+JV4fs=,JJqFp+YcacP5DMm1HkAsipERyNg=
81,55,5/+qlKqf1TDV967ZTyO+l+JV4fs=,JJqFp+YcacP5DMm1HkAsipERyNg=
82,52,5/+qlKqf1TDV967ZTyO+l+JV4fs=,JJqFp+YcacP5DMm1HkAsipERyNg=
86,55,5/+qlKqf1TDV967ZTyO+l+JV4fs=,JJqFp+YcacP5DMm1HkAsipERyNg=
88,49,5/+qlKqf1TDV967ZTyO+l+JV4fs=,Scbg1XZ2d/yVJFHQu7GfJX2Njws=
87,52,5/+qlKqf1TDV967ZTyO+l+JV4fs=,JJqFp+YcacP5DMm1HkAsipERyNg=
85,55,5/+qlKqf1TDV967ZTyO+l+JV4fs=,JJqFp+YcacP5DMm1HkAsipERyNg=
84,55,5/+qlKqf1TDV967ZTyO+l+JV4fs=,JJqFp+YcacP5DMm1HkAsipERyNg=
83,55,5/+qlKqf1TDV967ZTyO+l+JV4fs=,JJqFp+YcacP5DMm1HkAsipERyNg=
88,48,5/+qlKqf1TDV967ZTyO+l+JV4fs=,Scbg1XZ2d/yVJFHQu7GfJX2Njws=
82,55,5/+qlKqf1TDV967ZTyO+l+JV4fs=,JJqFp+YcacP5DMm1HkAsipERyNg=
82,50,5/+qlKqf1TDV967ZTyO+l+JV4fs=,JJqFp+YcacP5DMm1HkAsipERyNg=
81,52,5/+qlKqf1TDV967ZTyO+l+JV4fs=,JJqFp+YcacP5DMm1HkAsipERyNg=
86,50,5/+qlKqf1TDV967ZTyO+l+JV4fs=,JJqFp+YcacP5DMm1HkAsipERyNg=
82,51,5/+qlKqf1TDV967ZTyO+l+JV4fs=,JJqFp+YcacP5DMm1HkAsipERyNg=
83,32,p7AfytcBqcfyZ95mmDUKkpZKPHY=,Scbg1XZ2d/yVJFHQu7GfJX2Njws=
83,34,p7AfytcBqcfyZ95mmDUKkpZKPHY=,Scbg1XZ2d/yVJFHQu7GfJX2Njws=
81,37,p7AfytcBqcfyZ95mmDUKkpZKPHY=,Scbg1XZ2d/yVJFHQu7GfJX2Njws=
85,38,p7AfytcBqcfyZ95mmDUKkpZKPHY=,Scbg1XZ2d/yVJFHQu7GfJX2Njws=
86,38,p7AfytcBqcfyZ95mmDUKkpZKPHY=,Scbg1XZ2d/yVJFHQu7GfJX2Njws=
86,36,p7AfytcBqcfyZ95mmDUKkpZKPHY=,Scbg1XZ2d/yVJFHQu7GfJX2Njws=
84,34,p7AfytcBqcfyZ95mmDUKkpZKPHY=,Scbg1XZ2d/yVJFHQu7GfJX2Njws=
85,34,p7AfytcBqcfyZ95mmDUKkpZKPHY=,Scbg1XZ2d/yVJFHQu7GfJX2Njws=
86,34,p7AfytcBqcfyZ95mmDUKkpZKPHY=,Scbg1XZ2d/yVJFHQu7GfJX2Njws=
84,33,p7AfytcBqcfyZ95mmDUKkpZKPHY=,Scbg1XZ2d/yVJFHQu7GfJX2Njws=
84,35,p7AfytcBqcfyZ95mmDUKkpZKPHY=,Scbg1XZ2d/yVJFHQu7GfJX2Njws=
81,32,p7AfytcBqcfyZ95mmDUKkpZKPHY=,Scbg1XZ2d/yVJFHQu7GfJX2Njws=
84,32,p7AfytcBqcfyZ95mmDUKkpZKPHY=,Scbg1XZ2d/yVJFHQu7GfJX2Njws=
85,32,p7AfytcBqcfyZ95mmDUKkpZKPHY=,Scbg1XZ2d/yVJFHQu7GfJX2Njws=
86,32,p7AfytcBqcfyZ95mmDUKkpZKPHY=,Scbg1XZ2d/yVJFHQu7GfJX2Njws=
82,33,p7AfytcBqcfyZ95mmDUKkpZKPHY=,Scbg1XZ2d/yVJFHQu7GfJX2Njws=
81,33,p7AfytcBqcfyZ95mmDUKkpZKPHY=,Scbg1XZ2d/yVJFHQu7GfJX2Njws=
85,36,p7AfytcBqcfyZ95mmDUKkpZKPHY=,Scbg1XZ2d/yVJFHQu7GfJX2Njws=
82,34,p7AfytcBqcfyZ95mmDUKkpZKPHY=,Scbg1XZ2d/yVJFHQu7GfJX2Njws=
81,34,p7AfytcBqcfyZ95mmDUKkpZKPHY=,Scbg1XZ2d/yVJFHQu7GfJX2Njws=
84,36,p7AfytcBqcfyZ95mmDUKkpZKPHY=,Scbg1XZ2d/yVJFHQu7GfJX2Njws=
85,35,p7AfytcBqcfyZ95mmDUKkpZKPHY=,Scbg1XZ2d/yVJFHQu7GfJX2Njws=
81,35,p7AfytcBqcfyZ95mmDUKkpZKPHY=,Scbg1XZ2d/yVJFHQu7GfJX2Njws=
82,35,p7AfytcBqcfyZ95mmDUKkpZKPHY=,Scbg1XZ2d/yVJFHQu7GfJX2Njws=
84,38,p7AfytcBqcfyZ95mmDUKkpZKPHY=,Scbg1XZ2d/yVJFHQu7GfJX2Njws=
82,37,p7AfytcBqcfyZ95mmDUKkpZKPHY=,Scbg1XZ2d/yVJFHQu7GfJX2Njws=
82,38,p7AfytcBqcfyZ95mmDUKkpZKPHY=,Scbg1XZ2d/yVJFHQu7GfJX2Njws=
83,38,p7AfytcBqcfyZ95mmDUKkpZKPHY=,Scbg1XZ2d/yVJFHQu7GfJX2Njws=
83,36,p7AfytcBqcfyZ95mmDUKkpZKPHY=,Scbg1XZ2d/yVJFHQu7GfJX2Njws=
82,32,p7AfytcBqcfyZ95mmDUKkpZKPHY=,Scbg1XZ2d/yVJFHQu7GfJX2Njws=
83,37,p7AfytcBqcfyZ95mmDUKkpZKPHY=,Scbg1XZ2d/yVJFHQu7GfJX2Njws=
86,37,p7AfytcBqcfyZ95mmDUKkpZKPHY=,Scbg1XZ2d/yVJFHQu7GfJX2Njws=
81,36,p7AfytcBqcfyZ95mmDUKkpZKPHY=,Scbg1XZ2d/yVJFHQu7GfJX2Njws=
82,36,p7AfytcBqcfyZ95mmDUKkpZKPHY=,Scbg1XZ2d/yVJFHQu7GfJX2Njws=
86,33,p7AfytcBqcfyZ95mmDUKkpZKPHY=,Scbg1XZ2d/yVJFHQu7GfJX2Njws=
83,35,p7AfytcBqcfyZ95mmDUKkpZKPHY=,Scbg1XZ2d/yVJFHQu7GfJX2Njws=
86,35,p7AfytcBqcfyZ95mmDUKkpZKPHY=,Scbg1XZ2d/yVJFHQu7GfJX2Njws=
81,38,p7AfytcBqcfyZ95mmDUKkpZKPHY=,Scbg1XZ2d/yVJFHQu7GfJX2Njws=
85,33,p7AfytcBqcfyZ95mmDUKkpZKPHY=,Scbg1XZ2d/yVJFHQu7GfJX2Njws=
83,33,p7AfytcBqcfyZ95mmDUKkpZKPHY=,Scbg1XZ2d/yVJFHQu7GfJX2Njws=
85,37,p7AfytcBqcfyZ95mmDUKkpZKPHY=,Scbg1XZ2d/yVJFHQu7GfJX2Njws=
84,37,p7AfytcBqcfyZ95mmDUKkpZKPHY=,Scbg1XZ2d/yVJFHQu7GfJX2Njws=
80,35,p7AfytcBqcfyZ95mmDUKkpZKPHY=,Scbg1XZ2d/yVJFHQu7GfJX2Njws=
80,34,p7AfytcBqcfyZ95mmDUKkpZKPHY=,Scbg1XZ2d/yVJFHQu7GfJX2Njws=
80,37,p7AfytcBqcfyZ95mmDUKkpZKPHY=,Scbg1XZ2d/yVJFHQu7GfJX2Njws=
80,38,p7AfytcBqcfyZ95mmDUKkpZKPHY=,Scbg1XZ2d/yVJFHQu7GfJX2Njws=
80,36,p7AfytcBqcfyZ95mmDUKkpZKPHY=,Scbg1XZ2d/yVJFHQu7GfJX2Njws=
80,33,p7AfytcBqcfyZ95mmDUKkpZKPHY=,Scbg1XZ2d/yVJFHQu7GfJX2Njws=
80,32,p7AfytcBqcfyZ95mmDUKkpZKPHY=,Scbg1XZ2d/yVJFHQu7GfJX2Njws=
92,45,p7AfytcBqcfyZ95mmDUKkpZKPHY=,Scbg1XZ2d/yVJFHQu7GfJX2Njws=
91,45,p7AfytcBqcfyZ95mmDUKkpZKPHY=,Scbg1XZ2d/yVJFHQu7GfJX2Njws=
95,44,p7AfytcBqcfyZ95mmDUKkpZKPHY=,Scbg1XZ2d/yVJFHQu7GfJX2Njws=
94,44,p7AfytcBqcfyZ95mmDUKkpZKPHY=,Scbg1XZ2d/yVJFHQu7GfJX2Njws=
93,44,p7AfytcBqcfyZ95mmDUKkpZKPHY=,Scbg1XZ2d/yVJFHQu7GfJX2Njws=
92,44,p7AfytcBqcfyZ95mmDUKkpZKPHY=,Scbg1XZ2d/yVJFHQu7GfJX2Njws=
91,44,p7AfytcBqcfyZ95mmDUKkpZKPHY=,Scbg1XZ2d/yVJFHQu7GfJX2Njws=
90,45,p7AfytcBqcfyZ95mmDUKkpZKPHY=,Scbg1XZ2d/yVJFHQu7GfJX2Njws=
95,43,p7AfytcBqcfyZ95mmDUKkpZKPHY=,Scbg1XZ2d/yVJFHQu7GfJX2Njws=
89,45,p7AfytcBqcfyZ95mmDUKkpZKPHY=,Scbg1XZ2d/yVJFHQu7GfJX2Njws=
93,43,p7AfytcBqcfyZ95mmDUKkpZKPHY=,Scbg1XZ2d/yVJFHQu7GfJX2Njws=
94,43,p7AfytcBqcfyZ95mmDUKkpZKPHY=,Scbg1XZ2d/yVJFHQu7GfJX2Njws=
92,43,p7AfytcBqcfyZ95mmDUKkpZKPHY=,Scbg1XZ2d/yVJFHQu7GfJX2Njws=
95,47,p7AfytcBqcfyZ95mmDUKkpZKPHY=,Scbg1XZ2d/yVJFHQu7GfJX2Njws=
90,44,p7AfytcBqcfyZ95mmDUKkpZKPHY=,Scbg1XZ2d/yVJFHQu7GfJX2Njws=
94,47,p7AfytcBqcfyZ95mmDUKkpZKPHY=,Scbg1XZ2d/yVJFHQu7GfJX2Njws=
89,44,p7AfytcBqcfyZ95mmDUKkpZKPHY=,Scbg1XZ2d/yVJFHQu7GfJX2Njws=
93,47,p7AfytcBqcfyZ95mmDUKkpZKPHY=,Scbg1XZ2d/yVJFHQu7GfJX2Njws=
91,43,p7AfytcBqcfyZ95mmDUKkpZKPHY=,Scbg1XZ2d/yVJFHQu7GfJX2Njws=
92,47,p7AfytcBqcfyZ95mmDUKkpZKPHY=,Scbg1XZ2d/yVJFHQu7GfJX2Njws=
95,42,p7AfytcBqcfyZ95mmDUKkpZKPHY=,Scbg1XZ2d/yVJFHQu7GfJX2Njws=
90,43,p7AfytcBqcfyZ95mmDUKkpZKPHY=,Scbg1XZ2d/yVJFHQu7GfJX2Njws=
94,42,p7AfytcBqcfyZ95mmDUKkpZKPHY=,Scbg1XZ2d/yVJFHQu7GfJX2Njws=
89,43,p7AfytcBqcfyZ95mmDUKkpZKPHY=,Scbg1XZ2d/yVJFHQu7GfJX2Njws=
93,42,p7AfytcBqcfyZ95mmDUKkpZKPHY=,Scbg1XZ2d/yVJFHQu7GfJX2Njws=
91,47,p7AfytcBqcfyZ95mmDUKkpZKPHY=,Scbg1XZ2d/yVJFHQu7GfJX2Njws=
92,42,p7AfytcBqcfyZ95mmDUKkpZKPHY=,Scbg1XZ2d/yVJFHQu7GfJX2Njws=
90,47,p7AfytcBqcfyZ95mmDUKkpZKPHY=,Scbg1XZ2d/yVJFHQu7GfJX2Njws=
89,47,p7AfytcBqcfyZ95mmDUKkpZKPHY=,Scbg1XZ2d/yVJFHQu7GfJX2Njws=
91,42,p7AfytcBqcfyZ95mmDUKkpZKPHY=,Scbg1XZ2d/yVJFHQu7GfJX2Njws=
90,42,p7AfytcBqcfyZ95mmDUKkpZKPHY=,Scbg1XZ2d/yVJFHQu7GfJX2Njws=
89,42,p7AfytcBqcfyZ95mmDUKkpZKPHY=,Scbg1XZ2d/yVJFHQu7GfJX2Njws=
95,41,p7AfytcBqcfyZ95mmDUKkpZKPHY=,Scbg1XZ2d/yVJFHQu7GfJX2Njws=
95,46,p7AfytcBqcfyZ95mmDUKkpZKPHY=,Scbg1XZ2d/yVJFHQu7GfJX2Njws=
94,41,p7AfytcBqcfyZ95mmDUKkpZKPHY=,Scbg1XZ2d/yVJFHQu7GfJX2Njws=
94,46,p7AfytcBqcfyZ95mmDUKkpZKPHY=,Scbg1XZ2d/yVJFHQu7GfJX2Njws=
93,46,p7AfytcBqcfyZ95mmDUKkpZKPHY=,Scbg1XZ2d/yVJFHQu7GfJX2Njws=
92,46,p7AfytcBqcfyZ95mmDUKkpZKPHY=,Scbg1XZ2d/yVJFHQu7GfJX2Njws=
92,41,p7AfytcBqcfyZ95mmDUKkpZKPHY=,Scbg1XZ2d/yVJFHQu7GfJX2Njws=
91,41,p7AfytcBqcfyZ95mmDUKkpZKPHY=,Scbg1XZ2d/yVJFHQu7GfJX2Njws=
93,41,p7AfytcBqcfyZ95mmDUKkpZKPHY=,Scbg1XZ2d/yVJFHQu7GfJX2Njws=
91,46,p7AfytcBqcfyZ95mmDUKkpZKPHY=,Scbg1XZ2d/yVJFHQu7GfJX2Njws=
90,46,p7AfytcBqcfyZ95mmDUKkpZKPHY=,Scbg1XZ2d/yVJFHQu7GfJX2Njws=
89,41,p7AfytcBqcfyZ95mmDUKkpZKPHY=,Scbg1XZ2d/yVJFHQu7GfJX2Njws=
95,45,p7AfytcBqcfyZ95mmDUKkpZKPHY=,Scbg1XZ2d/yVJFHQu7GfJX2Njws=
94,45,p7AfytcBqcfyZ95mmDUKkpZKPHY=,Scbg1XZ2d/yVJFHQu7GfJX2Njws=
93,45,p7AfytcBqcfyZ95mmDUKkpZKPHY=,Scbg1XZ2d/yVJFHQu7GfJX2Njws=
90,41,p7AfytcBqcfyZ95mmDUKkpZKPHY=,Scbg1XZ2d/yVJFHQu7GfJX2Njws=
89,46,p7AfytcBqcfyZ95mmDUKkpZKPHY=,Scbg1XZ2d/yVJFHQu7GfJX2Njws=
87,37,Kr14s9q/BcL7sXYo61zEqG31NXA=,Scbg1XZ2d/yVJFHQu7GfJX2Njws=
92,35,Kr14s9q/BcL7sXYo61zEqG31NXA=,Scbg1XZ2d/yVJFHQu7GfJX2Njws=
91,35,Kr14s9q/BcL7sXYo61zEqG31NXA=,Scbg1XZ2d/yVJFHQu7GfJX2Njws=
93,35,Kr14s9q/BcL7sXYo61zEqG31NXA=,Scbg1XZ2d/yVJFHQu7GfJX2Njws=
87,34,Kr14s9q/BcL7sXYo61zEqG31NXA=,Scbg1XZ2d/yVJFHQu7GfJX2Njws=
94,35,Kr14s9q/BcL7sXYo61zEqG31NXA=,Scbg1XZ2d/yVJFHQu7GfJX2Njws=
95,35,Kr14s9q/BcL7sXYo61zEqG31NXA=,Scbg1XZ2d/yVJFHQu7GfJX2Njws=
87,36,Kr14s9q/BcL7sXYo61zEqG31NXA=,Scbg1XZ2d/yVJFHQu7GfJX2Njws=
95,39,Kr14s9q/BcL7sXYo61zEqG31NXA=,Scbg1XZ2d/yVJFHQu7GfJX2Njws=
89,40,Kr14s9q/BcL7sXYo61zEqG31NXA=,Scbg1XZ2d/yVJFHQu7GfJX2Njws=
93,39,Kr14s9q/BcL7sXYo61zEqG31NXA=,Scbg1XZ2d/yVJFHQu7GfJX2Njws=
92,39,Kr14s9q/BcL7sXYo61zEqG31NXA=,Scbg1XZ2d/yVJFHQu7GfJX2Njws=
88,36,Kr14s9q/BcL7sXYo61zEqG31NXA=,Scbg1XZ2d/yVJFHQu7GfJX2Njws=
91,39,Kr14s9q/BcL7sXYo61zEqG31NXA=,Scbg1XZ2d/yVJFHQu7GfJX2Njws=
90,35,Kr14s9q/BcL7sXYo61zEqG31NXA=,Scbg1XZ2d/yVJFHQu7GfJX2Njws=
90,40,Kr14s9q/BcL7sXYo61zEqG31NXA=,Scbg1XZ2d/yVJFHQu7GfJX2Njws=
94,34,Kr14s9q/BcL7sXYo61zEqG31NXA=,Scbg1XZ2d/yVJFHQu7GfJX2Njws=
88,35,Kr14s9q/BcL7sXYo61zEqG31NXA=,Scbg1XZ2d/yVJFHQu7GfJX2Njws=
89,35,Kr14s9q/BcL7sXYo61zEqG31NXA=,Scbg1XZ2d/yVJFHQu7GfJX2Njws=
95,34,Kr14s9q/BcL7sXYo61zEqG31NXA=,Scbg1XZ2d/yVJFHQu7GfJX2Njws=
93,34,Kr14s9q/BcL7sXYo61zEqG31NXA=,Scbg1XZ2d/yVJFHQu7GfJX2Njws=
90,39,Kr14s9q/BcL7sXYo61zEqG31NXA=,Scbg1XZ2d/yVJFHQu7GfJX2Njws=
89,39,Kr14s9q/BcL7sXYo61zEqG31NXA=,Scbg1XZ2d/yVJFHQu7GfJX2Njws=
92,34,Kr14s9q/BcL7sXYo61zEqG31NXA=,Scbg1XZ2d/yVJFHQu7GfJX2Njws=
89,36,Kr14s9q/BcL7sXYo61zEqG31NXA=,Scbg1XZ2d/yVJFHQu7GfJX2Njws=
95,38,Kr14s9q/BcL7sXYo61zEqG31NXA=,Scbg1XZ2d/yVJFHQu7GfJX2Njws=
91,34,Kr14s9q/BcL7sXYo61zEqG31NXA=,Scbg1XZ2d/yVJFHQu7GfJX2Njws=
90,34,Kr14s9q/BcL7sXYo61zEqG31NXA=,Scbg1XZ2d/yVJFHQu7GfJX2Njws=
90,36,Kr14s9q/BcL7sXYo61zEqG31NXA=,Scbg1XZ2d/yVJFHQu7GfJX2Njws=
94,38,Kr14s9q/BcL7sXYo61zEqG31NXA=,Scbg1XZ2d/yVJFHQu7GfJX2Njws=
93,38,Kr14s9q/BcL7sXYo61zEqG31NXA=,Scbg1XZ2d/yVJFHQu7GfJX2Njws=
89,34,Kr14s9q/BcL7sXYo61zEqG31NXA=,Scbg1XZ2d/yVJFHQu7GfJX2Njws=
95,33,Kr14s9q/BcL7sXYo61zEqG31NXA=,Scbg1XZ2d/yVJFHQu7GfJX2Njws=
87,33,Kr14s9q/BcL7sXYo61zEqG31NXA=,Scbg1XZ2d/yVJFHQu7GfJX2Njws=
94,33,Kr14s9q/BcL7sXYo61zEqG31NXA=,Scbg1XZ2d/yVJFHQu7GfJX2Njws=
93,33,Kr14s9q/BcL7sXYo61zEqG31NXA=,Scbg1XZ2d/yVJFHQu7GfJX2Njws=
92,33,Kr14s9q/BcL7sXYo61zEqG31NXA=,Scbg1XZ2d/yVJFHQu7GfJX2Njws=
91,33,Kr14s9q/BcL7sXYo61zEqG31NXA=,Scbg1XZ2d/yVJFHQu7GfJX2Njws=
90,33,Kr14s9q/BcL7sXYo61zEqG31NXA=,Scbg1XZ2d/yVJFHQu7GfJX2Njws=
89,33,Kr14s9q/BcL7sXYo61zEqG31NXA=,Scbg1XZ2d/yVJFHQu7GfJX2Njws=
88,33,Kr14s9q/BcL7sXYo61zEqG31NXA=,Scbg1XZ2d/yVJFHQu7GfJX2Njws=
88,34,Kr14s9q/BcL7sXYo61zEqG31NXA=,Scbg1XZ2d/yVJFHQu7GfJX2Njws=
91,40,Kr14s9q/BcL7sXYo61zEqG31NXA=,Scbg1XZ2d/yVJFHQu7GfJX2Njws=
87,38,Kr14s9q/BcL7sXYo61zEqG31NXA=,Scbg1XZ2d/yVJFHQu7GfJX2Njws=
92,38,Kr14s9q/BcL7sXYo61zEqG31NXA=,Scbg1XZ2d/yVJFHQu7GfJX2Njws=
95,32,Kr14s9q/BcL7sXYo61zEqG31NXA=,Scbg1XZ2d/yVJFHQu7GfJX2Njws=
87,35,Kr14s9q/BcL7sXYo61zEqG31NXA=,Scbg1XZ2d/yVJFHQu7GfJX2Njws=
91,36,Kr14s9q/BcL7sXYo61zEqG31NXA=,Scbg1XZ2d/yVJFHQu7GfJX2Njws=
94,39,Kr14s9q/BcL7sXYo61zEqG31NXA=,Scbg1XZ2d/yVJFHQu7GfJX2Njws=
91,38,Kr14s9q/BcL7sXYo61zEqG31NXA=,Scbg1XZ2d/yVJFHQu7GfJX2Njws=
94,32,Kr14s9q/BcL7sXYo61zEqG31NXA=,Scbg1XZ2d/yVJFHQu7GfJX2Njws=
93,32,Kr14s9q/BcL7sXYo61zEqG31NXA=,Scbg1XZ2d/yVJFHQu7GfJX2Njws=
92,32,Kr14s9q/BcL7sXYo61zEqG31NXA=,Scbg1XZ2d/yVJFHQu7GfJX2Njws=
91,32,Kr14s9q/BcL7sXYo61zEqG31NXA=,Scbg1XZ2d/yVJFHQu7GfJX2Njws=
89,38,Kr14s9q/BcL7sXYo61zEqG31NXA=,Scbg1XZ2d/yVJFHQu7GfJX2Njws=
95,37,Kr14s9q/BcL7sXYo61zEqG31NXA=,Scbg1XZ2d/yVJFHQu7GfJX2Njws=
90,32,Kr14s9q/BcL7sXYo61zEqG31NXA=,Scbg1XZ2d/yVJFHQu7GfJX2Njws=
89,32,Kr14s9q/BcL7sXYo61zEqG31NXA=,Scbg1XZ2d/yVJFHQu7GfJX2Njws=
92,40,Kr14s9q/BcL7sXYo61zEqG31NXA=,Scbg1XZ2d/yVJFHQu7GfJX2Njws=
94,37,Kr14s9q/BcL7sXYo61zEqG31NXA=,Scbg1XZ2d/yVJFHQu7GfJX2Njws=
88,32,Kr14s9q/BcL7sXYo61zEqG31NXA=,Scbg1XZ2d/yVJFHQu7GfJX2Njws=
90,38,Kr14s9q/BcL7sXYo61zEqG31NXA=,Scbg1XZ2d/yVJFHQu7GfJX2Njws=
93,37,Kr14s9q/BcL7sXYo61zEqG31NXA=,Scbg1XZ2d/yVJFHQu7GfJX2Njws=
92,37,Kr14s9q/BcL7sXYo61zEqG31NXA=,Scbg1XZ2d/yVJFHQu7GfJX2Njws=
91,37,Kr14s9q/BcL7sXYo61zEqG31NXA=,Scbg1XZ2d/yVJFHQu7GfJX2Njws=
88,38,Kr14s9q/BcL7sXYo61zEqG31NXA=,Scbg1XZ2d/yVJFHQu7GfJX2Njws=
95,36,Kr14s9q/BcL7sXYo61zEqG31NXA=,Scbg1XZ2d/yVJFHQu7GfJX2Njws=
94,36,Kr14s9q/BcL7sXYo61zEqG31NXA=,Scbg1XZ2d/yVJFHQu7GfJX2Njws=
93,36,Kr14s9q/BcL7sXYo61zEqG31NXA=,Scbg1XZ2d/yVJFHQu7GfJX2Njws=
87,32,Kr14s9q/BcL7sXYo61zEqG31NXA=,Scbg1XZ2d/yVJFHQu7GfJX2Njws=
89,37,Kr14s9q/BcL7sXYo61zEqG31NXA=,Scbg1XZ2d/yVJFHQu7GfJX2Njws=
90,37,Kr14s9q/BcL7sXYo61zEqG31NXA=,Scbg1XZ2d/yVJFHQu7GfJX2Njws=
92,36,Kr14s9q/BcL7sXYo61zEqG31NXA=,Scbg1XZ2d/yVJFHQu7GfJX2Njws=
95,40,Kr14s9q/BcL7sXYo61zEqG31NXA=,Scbg1XZ2d/yVJFHQu7GfJX2Njws=
93,40,Kr14s9q/BcL7sXYo61zEqG31NXA=,Scbg1XZ2d/yVJFHQu7GfJX2Njws=
94,40,Kr14s9q/BcL7sXYo61zEqG31NXA=,Scbg1XZ2d/yVJFHQu7GfJX2Njws=
88,37,Kr14s9q/BcL7sXYo61zEqG31NXA=,Scbg1XZ2d/yVJFHQu7GfJX2Njws=
82,47,gMTtarM0ECeX5xQjsgO3u85dRA8=,Scbg1XZ2d/yVJFHQu7GfJX2Njws=
81,47,gMTtarM0ECeX5xQjsgO3u85dRA8=,Scbg1XZ2d/yVJFHQu7GfJX2Njws=
83,47,gMTtarM0ECeX5xQjsgO3u85dRA8=,Scbg1XZ2d/yVJFHQu7GfJX2Njws=
80,47,gMTtarM0ECeX5xQjsgO3u85dRA8=,Scbg1XZ2d/yVJFHQu7GfJX2Njws=
84,47,gMTtarM0ECeX5xQjsgO3u85dRA8=,Scbg1XZ2d/yVJFHQu7GfJX2Njws=
86,46,gMTtarM0ECeX5xQjsgO3u85dRA8=,Scbg1XZ2d/yVJFHQu7GfJX2Njws=
87,46,gMTtarM0ECeX5xQjsgO3u85dRA8=,Scbg1XZ2d/yVJFHQu7GfJX2Njws=
84,39,gMTtarM0ECeX5xQjsgO3u85dRA8=,Scbg1XZ2d/yVJFHQu7GfJX2Njws=
85,46,gMTtarM0ECeX5xQjsgO3u85dRA8=,Scbg1XZ2d/yVJFHQu7GfJX2Njws=
85,47,gMTtarM0ECeX5xQjsgO3u85dRA8=,Scbg1XZ2d/yVJFHQu7GfJX2Njws=
84,46,gMTtarM0ECeX5xQjsgO3u85dRA8=,Scbg1XZ2d/yVJFHQu7GfJX2Njws=
81,46,gMTtarM0ECeX5xQjsgO3u85dRA8=,Scbg1XZ2d/yVJFHQu7GfJX2Njws=
82,46,gMTtarM0ECeX5xQjsgO3u85dRA8=,Scbg1XZ2d/yVJFHQu7GfJX2Njws=
83,46,gMTtarM0ECeX5xQjsgO3u85dRA8=,Scbg1XZ2d/yVJFHQu7GfJX2Njws=
80,46,gMTtarM0ECeX5xQjsgO3u85dRA8=,Scbg1XZ2d/yVJFHQu7GfJX2Njws=
86,47,gMTtarM0ECeX5xQjsgO3u85dRA8=,Scbg1XZ2d/yVJFHQu7GfJX2Njws=
87,45,gMTtarM0ECeX5xQjsgO3u85dRA8=,Scbg1XZ2d/yVJFHQu7GfJX2Njws=
86,45,gMTtarM0ECeX5xQjsgO3u85dRA8=,Scbg1XZ2d/yVJFHQu7GfJX2Njws=
85,45,gMTtarM0ECeX5xQjsgO3u85dRA8=,Scbg1XZ2d/yVJFHQu7GfJX2Njws=
85,39,gMTtarM0ECeX5xQjsgO3u85dRA8=,Scbg1XZ2d/yVJFHQu7GfJX2Njws=
83,45,gMTtarM0ECeX5xQjsgO3u85dRA8=,Scbg1XZ2d/yVJFHQu7GfJX2Njws=
82,45,gMTtarM0ECeX5xQjsgO3u85dRA8=,Scbg1XZ2d/yVJFHQu7GfJX2Njws=
81,45,gMTtarM0ECeX5xQjsgO3u85dRA8=,Scbg1XZ2d/yVJFHQu7GfJX2Njws=
80,45,gMTtarM0ECeX5xQjsgO3u85dRA8=,Scbg1XZ2d/yVJFHQu7GfJX2Njws=
84,45,gMTtarM0ECeX5xQjsgO3u85dRA8=,Scbg1XZ2d/yVJFHQu7GfJX2Njws=
87,47,gMTtarM0ECeX5xQjsgO3u85dRA8=,Scbg1XZ2d/yVJFHQu7GfJX2Njws=
87,44,gMTtarM0ECeX5xQjsgO3u85dRA8=,Scbg1XZ2d/yVJFHQu7GfJX2Njws=
86,44,gMTtarM0ECeX5xQjsgO3u85dRA8=,Scbg1XZ2d/yVJFHQu7GfJX2Njws=
88,45,gMTtarM0ECeX5xQjsgO3u85dRA8=,Scbg1XZ2d/yVJFHQu7GfJX2Njws=
88,40,gMTtarM0ECeX5xQjsgO3u85dRA8=,Scbg1XZ2d/yVJFHQu7GfJX2Njws=
85,44,gMTtarM0ECeX5xQjsgO3u85dRA8=,Scbg1XZ2d/yVJFHQu7GfJX2Njws=
86,39,gMTtarM0ECeX5xQjsgO3u85dRA8=,Scbg1XZ2d/yVJFHQu7GfJX2Njws=
84,44,gMTtarM0ECeX5xQjsgO3u85dRA8=,Scbg1XZ2d/yVJFHQu7GfJX2Njws=
83,39,gMTtarM0ECeX5xQjsgO3u85dRA8=,Scbg1XZ2d/yVJFHQu7GfJX2Njws=
83,44,gMTtarM0ECeX5xQjsgO3u85dRA8=,Scbg1XZ2d/yVJFHQu7GfJX2Njws=
82,44,gMTtarM0ECeX5xQjsgO3u85dRA8=,Scbg1XZ2d/yVJFHQu7GfJX2Njws=
81,44,gMTtarM0ECeX5xQjsgO3u85dRA8=,Scbg1XZ2d/yVJFHQu7GfJX2Njws=
80,44,gMTtarM0ECeX5xQjsgO3u85dRA8=,Scbg1XZ2d/yVJFHQu7GfJX2Njws=
87,39,gMTtarM0ECeX5xQjsgO3u85dRA8=,Scbg1XZ2d/yVJFHQu7GfJX2Njws=
88,39,gMTtarM0ECeX5xQjsgO3u85dRA8=,Scbg1XZ2d/yVJFHQu7GfJX2Njws=
87,43,gMTtarM0ECeX5xQjsgO3u85dRA8=,Scbg1XZ2d/yVJFHQu7GfJX2Njws=
86,43,gMTtarM0ECeX5xQjsgO3u85dRA8=,Scbg1XZ2d/yVJFHQu7GfJX2Njws=
88,46,gMTtarM0ECeX5xQjsgO3u85dRA8=,Scbg1XZ2d/yVJFHQu7GfJX2Njws=
82,39,gMTtarM0ECeX5xQjsgO3u85dRA8=,Scbg1XZ2d/yVJFHQu7GfJX2Njws=
80,40,gMTtarM0ECeX5xQjsgO3u85dRA8=,Scbg1XZ2d/yVJFHQu7GfJX2Njws=
85,43,gMTtarM0ECeX5xQjsgO3u85dRA8=,Scbg1XZ2d/yVJFHQu7GfJX2Njws=
88,44,gMTtarM0ECeX5xQjsgO3u85dRA8=,Scbg1XZ2d/yVJFHQu7GfJX2Njws=
81,40,gMTtarM0ECeX5xQjsgO3u85dRA8=,Scbg1XZ2d/yVJFHQu7GfJX2Njws=
84,43,gMTtarM0ECeX5xQjsgO3u85dRA8=,Scbg1XZ2d/yVJFHQu7GfJX2Njws=
83,43,gMTtarM0ECeX5xQjsgO3u85dRA8=,Scbg1XZ2d/yVJFHQu7GfJX2Njws=
88,41,gMTtarM0ECeX5xQjsgO3u85dRA8=,Scbg1XZ2d/yVJFHQu7GfJX2Njws=
81,43,gMTtarM0ECeX5xQjsgO3u85dRA8=,Scbg1XZ2d/yVJFHQu7GfJX2Njws=
82,43,gMTtarM0ECeX5xQjsgO3u85dRA8=,Scbg1XZ2d/yVJFHQu7GfJX2Njws=
82,40,gMTtarM0ECeX5xQjsgO3u85dRA8=,Scbg1XZ2d/yVJFHQu7GfJX2Njws=
80,43,gMTtarM0ECeX5xQjsgO3u85dRA8=,Scbg1XZ2d/yVJFHQu7GfJX2Njws=
83,40,gMTtarM0ECeX5xQjsgO3u85dRA8=,Scbg1XZ2d/yVJFHQu7GfJX2Njws=
87,42,gMTtarM0ECeX5xQjsgO3u85dRA8=,Scbg1XZ2d/yVJFHQu7GfJX2Njws=
86,42,gMTtarM0ECeX5xQjsgO3u85dRA8=,Scbg1XZ2d/yVJFHQu7GfJX2Njws=
88,47,gMTtarM0ECeX5xQjsgO3u85dRA8=,Scbg1XZ2d/yVJFHQu7GfJX2Njws=
85,42,gMTtarM0ECeX5xQjsgO3u85dRA8=,Scbg1XZ2d/yVJFHQu7GfJX2Njws=
84,42,gMTtarM0ECeX5xQjsgO3u85dRA8=,Scbg1XZ2d/yVJFHQu7GfJX2Njws=
83,42,gMTtarM0ECeX5xQjsgO3u85dRA8=,Scbg1XZ2d/yVJFHQu7GfJX2Njws=
84,40,gMTtarM0ECeX5xQjsgO3u85dRA8=,Scbg1XZ2d/yVJFHQu7GfJX2Njws=
81,39,gMTtarM0ECeX5xQjsgO3u85dRA8=,Scbg1XZ2d/yVJFHQu7GfJX2Njws=
82,42,gMTtarM0ECeX5xQjsgO3u85dRA8=,Scbg1XZ2d/yVJFHQu7GfJX2Njws=
85,40,gMTtarM0ECeX5xQjsgO3u85dRA8=,Scbg1XZ2d/yVJFHQu7GfJX2Njws=
81,42,gMTtarM0ECeX5xQjsgO3u85dRA8=,Scbg1XZ2d/yVJFHQu7GfJX2Njws=
80,42,gMTtarM0ECeX5xQjsgO3u85dRA8=,Scbg1XZ2d/yVJFHQu7GfJX2Njws=
86,40,gMTtarM0ECeX5xQjsgO3u85dRA8=,Scbg1XZ2d/yVJFHQu7GfJX2Njws=
87,41,gMTtarM0ECeX5xQjsgO3u85dRA8=,Scbg1XZ2d/yVJFHQu7GfJX2Njws=
88,42,gMTtarM0ECeX5xQjsgO3u85dRA8=,Scbg1XZ2d/yVJFHQu7GfJX2Njws=
86,41,gMTtarM0ECeX5xQjsgO3u85dRA8=,Scbg1XZ2d/yVJFHQu7GfJX2Njws=
85,41,gMTtarM0ECeX5xQjsgO3u85dRA8=,Scbg1XZ2d/yVJFHQu7GfJX2Njws=
84,41,gMTtarM0ECeX5xQjsgO3u85dRA8=,Scbg1XZ2d/yVJFHQu7GfJX2Njws=
87,40,gMTtarM0ECeX5xQjsgO3u85dRA8=,Scbg1XZ2d/yVJFHQu7GfJX2Njws=
82,41,gMTtarM0ECeX5xQjsgO3u85dRA8=,Scbg1XZ2d/yVJFHQu7GfJX2Njws=
83,41,gMTtarM0ECeX5xQjsgO3u85dRA8=,Scbg1XZ2d/yVJFHQu7GfJX2Njws=
80,39,gMTtarM0ECeX5xQjsgO3u85dRA8=,Scbg1XZ2d/yVJFHQu7GfJX2Njws=
88,43,gMTtarM0ECeX5xQjsgO3u85dRA8=,Scbg1XZ2d/yVJFHQu7GfJX2Njws=
80,41,gMTtarM0ECeX5xQjsgO3u85dRA8=,Scbg1XZ2d/yVJFHQu7GfJX2Njws=
81,41,gMTtarM0ECeX5xQjsgO3u85dRA8=,Scbg1XZ2d/yVJFHQu7GfJX2Njws=
